date,review,rating,isEdited,title,userName,developerResponse,scam_related
2024-01-31 00:45:38,"This company has become the pinnacle of greed, immoral practises, duping customers. This platform is riddled with fake profiles and they don‚Äôt act on cleaning those even after reporting them. The only times your inbox is full is whenever your subscription expires and suddenly an army of fake profiles swarm your inbox making you believe to pay for an additional time. Every time my subscription renews there is a technical glitch and they demote my profile to a non paying member in-spite of my account getting charged. I have to connect to the super late technical staff only through emails. Until this time, they had fixed my issue. But this time they even declined to fix it as they mentioned that I bought my subscription through the App Store and not through their website. I argued I have already paid for the subscription and need my services restored. They flatly refused and asked to reach out to Apple company. I reached out to Apple to find a resolution and after two months of emails and calls they refunded but guess what. They refunded from the time when I asked for the refund while conveniently ignoring that the services haven‚Äôt been working since day one of the subscription renewal. If they had asked me for the proof I would have happily provided them with the screenshots and the email communication but they are ready to indulge in unethical and corrupt practices. You should be ashamed of yourself as a company!",1,False,Scammers and morally bankrupt company,Seattlejoy,,True
2022-02-27 16:51:32,"I usually don‚Äôt write reviews for apps but I need to share my horrible experience with this app. Let me tell you right now that I‚Äôve been using this app for a good year and had no positive results. I didn‚Äôt use premium because it‚Äôs just not worth my money, and thus the people that are shown on my feed are either definitely not my type, way too far away (I set my distance to 25mi and I saw profiles from SEVERAL U.S. STATES OVER), or are clearly fake profiles out to steal my information. For example, I‚Äôve matched with someone who wanted my number right away. Instant red flag. When I gave them my number anyway and we started talking, they gave me a long story about how they just got out of a toxic relationship, that they were looking to hookup, and that they‚Äôre turning 18 soon. The problem with this? Their OKcupid profile clearly stated that they were 19, looking for friends only, and mentioned that they haven‚Äôt been in a relationship for quite a while. The worst part? I‚Äôve seen that exact copy-paste story from a different user I‚Äôve previously matched with (and blocked). They even forgot my name. I became so frustrated that I deleted my account and removed this app from my phone. I may not have had much luck with dating apps, but I‚Äôm no longer going to waste my time using this one. Do yourself a favor and avoid using this app.",1,False,Fake accounts galore. This app is not worth my time.,TN4U,,True
2022-07-30 01:01:35,"What this app does well is allowing you to fill out a profile on smart prompts. There are some problems with the app, but they‚Äôre not immediate. Swipe left, swipe right, give someone a super like: pretty basic stuff. But the basic paid package advertises no ads‚Äîand there are indeed less ads once you start swiping. They still advertise their premium service and their boosts, and they do it in the main screen where you swipe left and right on people. This means that you cannot mindlessly swipe endlessly‚Äîyou‚Äôll have to pause to click the x button on the screen when you accidentally swipe right on the boost or premium.

More damning are the technical issues: mysterious badges that say you have messages waiting, but when you click the button to show you those messages nothing pops up. Then the app sometimes freezes on the main screen, meaning you have to exit, close it, reopen it, and try again. This happens every fifteen to twenty minutes of rapid swiping.

I‚Äôve enjoyed the people I‚Äôve had conversations with on this app, and there are not too many people trying to scam you, but they are there. However, the vast majority simply don‚Äôt respond to first responses, even though both of you have to like each other for them to show up in the message feature.",2,False,Don‚Äôt pay for it,Chris And Again,,True
2020-02-16 09:39:48,"Okay I‚Äôve used okcupid for about 2 years, and then last year my account was suspended which I found kind of weird and thought maybe it was a bug, but my account really was suspended for no reason! For two years it was fine and then all of a sudden last year my account got suspended. And so I said ‚Äúscrew it‚Äù and made a new account, this account got suspended too because apparently they IP ban instead of banning an individual account. So now I have permanent inaccessibility to this app. How is this app even still running? They let fake profiles on loose yet I‚Äôve been a member for two years and I get suspended, what the hell okcupid? And it‚Äôs not just my account getting suspended, I read some threads on reddit and people were getting suspended for no reason (because okcupid doesn‚Äôt let you know what you did wrong) and it‚Äôs just so convenient for them to not have a customer phone line or an email to address issues and misunderstandings. I honestly have no clue how they are even having a business when they just permanently IP ban people for no reason. It just seems like they are just getting your info, selling it to whatever partnership they have, and banning accounts. Permanently banning a customer is a stupid business ethic, and not telling why the account was banned is not a good moral ethic. Go fix this app or sell it to another company that can do better",1,False,Suspended?!,Not Han,,True
2022-06-01 00:37:49,"I hated this app  because it was so underwhelming the app was glitchy and it had no people on it. No search settings just your average swipe and fall‚Ä¶ and then it had a high pay to meet. For the price I wasn‚Äôt getting anything that I was looking for. Just the most basic app I had ever seen so I went back to tinder‚Ä¶
I recently came back and now I feel like I can breathe the questions are actually to die for the percentage of matches doubles the more questions you answer and the profiles are expansive. You actually get to know the people your looking for rather than reading a fake bio that leaves you hanging and has no frame on the basis of your personality‚Ä¶ you don‚Äôt have to be a creative writing prodigy in order to have a good relationship with someone. It sets the bar low enough that the average person can be on the app and not be lost in complexity and high enough that it‚Äôs entertaining to be on. Being able to like parts of peoples profile makes it way more personal. Too bad it‚Äôs also a cash grab. But a worth while cash grab.",5,False,Used the app 7 years ago and hated it,Chrohm3,,True
2020-09-09 20:15:33,"OKC needs to do more to bring women in and you cannot say it‚Äôs because of my area because I live around NJ and NYC where there are plenty of women but not on the site. Clubs bring women in by offering discounts or free service but these sites don‚Äôt do anything. I don‚Äôt care what made up fake ratio you come up with 100 men per female is insanity. You know women are getting matched with tons of men and men are getting zero matches yet do nothing about it. I‚Äôm not an ugly person and consider myself at least average looking and should be getting several matches a day (or week) from average looking women. I should not have to write an amazing profile either just to get a few matches. Most women score between an %80 to %95 in terms of what we have in common And if I am not matching with them then what is the point of answering questions. I paid for 3 months and I wish I could take my money back. OKCUPID is pointless and after my subscription ends I will never use it again. If I cannot find anyone during a quarantine then I will never find someone on this crappy app. For any men thinking of using this get ready for no matches per day, empty mail box and getting what‚Äôs left of your self esteem obliterated. It will feel like you are getting rejected X a million. Do yourself a favor and look for women in public instead.",1,False,Not enough women,Alex1luv,,True
2021-01-15 09:54:12,"I was referred to the site by a podcast very real person, so I downloaded it. on the free version I saw that there was plenty of people in my area 25 miles away and in my age group. So i kept it on the free side for a few days, but i wanted to actually message these people because oddly i hadn‚Äôt seen any of these people on other sites tinder pof etc. $50 for one month is a ton of money but hey it‚Äôs cheaper than their 3 month and let‚Äôs just roll with it usually you can be refunded if the app can‚Äôt provide people. 

However I was dead wrong. Once you pay for it all those people go away and the only people I see are passport people or international people. Interesting at first but then i expanded the age range and made all genders available within 50 miles and still the only people available are international. So it literally tricks you telling you there is tons of people around you when it‚Äôs free trying to get you to buy it, but once you do, there is nothing. I bet the international accounts are fake as well. Then if you have an iphone it says in their help text that they can not issue refunds because of something that apple prevents on their agreement. You get premium services but no one to chat with to make it actually worth time and money. 
total scam artist. the app should be take down.",1,False,one big Con,Teamplayerx,,True
2022-04-08 01:50:39,"(EDIT: Just spoke with a girl on here! After a couple days of messaging we exchange numbers and she reveals herself as, literally, a prostitute. This is online dating in 2022: thirst traps, fake profiles and hookers. Deleted.)

First of all, all of these five star reviews on here are fake. Don‚Äôt fall for them. These guys charge you to turn on read receipts. It‚Äôs not a feature of their premium monthly subscription or anything reasonable like that, it‚Äôs something you have to purchase QUANTITIES OF, to use on individual matches, to see if they read your message yet. And they try to get you to buy bundles of them by charging waaaaay too much for just one. That‚Äôs how little OkCupid/Tinder/Match respects your thirst. This whole dating site scene has become a total scam. It‚Äôs designed from the ground up to not benefit the average person but to continue stringing them along even though there is very little hope of meeting anybody. It‚Äôs why their entire business model is built from the ground up to get as many impulsive microtransactions out of you. Don‚Äôt use dating sites. Just live your life and wait for the right person to come along. Relationships are expensive and time-consuming anyway, and sex is overrated and way too much work.",1,False,They nickel-and-dime you around every corner.,joshdammit,,True
2021-12-21 23:04:39,"This dating platform is one of the worst. I joined Okcupid back in August of 2021, at a time when I wasn‚Äôt too familiar with the online dating world. Four months later, I can confidently say this app is terrible. I am a straight male in the United States, and specifically put my settings that way. All you get are likes from women from different countries. When I changed my preferred distance to 10 miles instead, I kept getting women who claim to be nearby, but then say in their bio that they ‚Äúchanged their location to meet new people.‚Äù That goes against OkCupids guidelines, and they don‚Äôt seem to care enough to do anything about it. In addition, there are more fake/bot accounts on this app then actual people! I have screenshots of at least 100 obvious fake accounts, trying to get you to add their Snapchat, for ‚Äúnudes.‚Äù More recently, I came across a glitch where Okcupid would only show me men, and would only show my account to men as well. No matter how many times I picked ‚Äúwomen‚Äù on my preference list, it kept switching back to men. I have screen recording of that issue as well. If you‚Äôre looking for a long-distance relationship, or to grant a woman citizenship, this app is for you. If you do give this app a shot, DO NOT PAY FOR IT!!",1,False,BEWARE!!,Wombo lombo,,True
2021-06-28 01:12:50,I‚Äôve spent a fair amount of money to have the premium features just to get told I have to pay more to use premium features lol. I think they have the worst algorithm out of all the dating sites. And over half of the profiles in the bay area or fake. There are still less fake profiles then other sites but for how much it cost it‚Äôs pretty absurd. In addition the last time I paid for a premium I had eight or nine likes saved up and thought it was a good time spend a little money. Upon getting my premium subscription renewed I found out most of the lakes were overseas because of the new passport feature. I feel like people in other countries liking people that are not from the same location should not show up unless you opt in to the passport feature. I have no time to talk to somebody in another country especially considering almost all of the overseas profiles seem to be fake. The only way any of these apps would redeem themselves would be in two ways. One when you buy premium you unlock all features unlimited except for the boost maybe. Two get rid of the bots catfish and scammers it‚Äôs making the sites and apps on usable.,2,False,Pay pay pay.,hate dogg,,True
2024-02-07 16:51:02,"This app no longer has any value if you have the free version. Yet another situation where a previously decent dating app been absolutely running into the ground by The Match Group. Long story short, if somebody likes you, they are immediately hidden from you permanently and you‚Äôll only ever see them if you pay. In most apps you can pay to see who likes you, but it‚Äôs a shortcut to save time and you still might run across those people during the normal course of using the app. With this app, that‚Äôs not the case. There‚Äôs no chance, ever, that you will run across somebody who likes you without paying. 0% chance. You will see the same profiles you have said no to literally 15 or 20 times over and over again without seeing a single person who has already liked you. Those people are hidden inside a ‚Äúlikes‚Äù stack that you have to pay to see. Again that stack is not just a shortcut to those who like you, anybody who has ever liked you is permanently hidden there and will always be behind a wall. The only exception are the fake profiles The Match Group knows are fake, but allows to remain on the app so that you feel like it‚Äôs working.",1,False,Another app The Match Group ruined,Review Spot Official,,True
2022-05-10 21:33:14,"Years ago, I wrote a review where I expressed how I felt ripped off buying a subscription. Right now, this app feels like a scam. The last time I bought a subscription, the people who liked my page were not in my search settings. Many of them were out of the country. In that time, I only received one or two likes. After I ended the subscription, the likes jumped back up considerably. 

Now this is where I feel OkCupid is deceptive. The total number likes never go away. After I swipe left on a potential match, I‚Äôll get a notification saying I missed a match. But the total likes doesn't decrease. So at this moment, I still have 61 likes. This is absolutely deceptive. I can‚Äôt trust that OkCupid is actually providing and selling an honest product. And this is before mentioning the base monthly subscription starts around $35. 

So in the end, I‚Äôm being offered a dating service product that costs considerably more monthly then tinder and bumble. As well as being deceptive with how it shows who‚Äôs attracted to me by not removing any likes even after I swiped left on them. Thank you for your time. This has been a frustrating experience.",1,False,This app now honestly feels like a scam.,Tigris1212,,True
2024-11-15 03:20:02,"Been trying to reenter the dating scene since 2021. I found success with the app before they were bought by Match Group. This place is a shell of what it used to be. They are incredibly expensive, especially considering that they are always removing features and functions. They‚Äôve never added a feature and kept it. Recently they removed the ability to filter by both who‚Äôs nearby and who‚Äôs actually active. The sole purpose of this app is to entice you to buy a subscription so that you can see who ‚Äúliked‚Äù you. I‚Äôll save you the trouble and let you know that they‚Äôre not in the same town, city, state, or even country as you. The only thing that makes okcupid different from the other apps, and the thing that okcupid still clings to as having once made them famous and respected, is their match percentage calculated by answering questions, but nobody really answers more than 10-20, 50 if you‚Äôre lucky. Just use tinder or hinge. Nobody‚Äôs used okcupid since 2010. I personally have received over 1,000 ‚Äúlikes‚Äù and have made a total of 3 matches 3 messages and 0 dates between 2020 and todays date November 2024. This app is fake and this company is a scam.",1,False,Fake scam app 2024,Ateisto,,True
2018-03-10 20:10:17,"I used OKCupid years ago and it was easy and fun. Using it now seems like a giant scam. I purchased the ""A List"" subscription when I reactivated my account and it seemed fine, but didn't seem to help so I let that subscription lapse. The day it ended all of a sudden I had 30+ ""likes"" I can only see if I pay for A List again. My ""likes"" are now over 80 and in what seems to be a near impossibility I never match with anyone who has ""liked"" me. I'm either getting liked by a bunch of real beasts or OKCupid is trying to scam me, you and everyone else who signs up to use their app. It's garbage, don't bother.

EDITED REVIEW AFTER REPLY FROM OKCUPID....

OKCupid has told me that once my subscription lapses it reverts back to ‚Äútotal number of likes‚Äù and that these aren‚Äôt necessarily new likes. Based on that I wish I could give them an even lower number of stars. This app is complete garbage and unless you are good looking enough to get hit on just walking down the street this app probably won‚Äôt do anything for you. If you are good looking enough to get hit on just existing in this world you‚Äôre most likely using this app to rack up numbers. Flat out, OKCupid is garbage and you‚Äôre probably AC superficial moron if you‚Äôre using it.",1,True,Seems like a scam...,TheGrunk,"{'id': 2787872, 'body': 'Hello,\n\nIf your subscription lapses, when you go back to free features, you will see the total tally of likes (not just the tally from when your subscription lapsed). So this may be causing some confusing. These may be the older likes in this tally. Hope this helps explain!\n\nUsing OkCupid to find matches, send messages, and seeing mutual likes (when two people like one another) is free, so if you start to Like people, you will see if they like you, too! A lot of people find matches without paying for extra features. Hope this helps.', 'modified': '2018-03-09T18:21:45Z'}",True
2022-05-05 05:16:29,"Since 2018 when I first tried okcupid time it was safe to say great. The almost 2 yrs for me that I‚Äôve been on it like 2 times it‚Äôs not. A lot of Asian ppl are changing location here and it‚Äôs seems it‚Äôs out of control and only about to get worse. Back then you had search option for example, you searched Mario kart or a band you liked and in my case, women who wrote those keywords would pop up. Easy right? To find ppl with similar interest but now is just more about the business making it harder. I started in a week with like 40 sun likes and half of them when I bought the premium where in other countries ü§¶üèª‚Äç‚ôÇÔ∏è and before I purchased it, I only saw like 5 blurry pics that I knew who they were from the recommended stack. Which makes you curious to buy and it‚Äôs a scam. They smart how to run the business. No more subscribing for me and most of the ppl you really can‚Äôt take them serious. They only for validation and 80 percent of women seem to be aiming for the top 20 percent of me but it‚Äôs all good. Better in person by far in experience. No mask, no faking, more real :)",2,False,Okcupid not better than before.,el_bronco310,,True
2022-11-13 17:00:17,"I paid premium for a month to see what the difference is compared to the free version. Here is my short story: After paying I was immediately able to see the ‚Äú20‚Äù people who liked me, which were mostly people outside of my age range, distance range (most were in other countries, even though my pref was 50 miles), and other preferences. After the first day, the ‚Äúpeople who liked me‚Äù went to zero. Maybe once or twice a week I‚Äôd get a like from someone in Brazil, Chile, Kenya, but mostly the Philippines (yes, really), or someone WAY outside of my age range. But no one even close to what I am looking for in a partner. My ‚Äúlikes‚Äù basically stayed at zero throughout the entire month I paid for. THE DAY AFTER my subscription expired, my likes MAGICALLY shot up to 21. Folks, this is a classic scam called ‚Äúbait and switch‚Äù. Why didn‚Äôt these people show up previously? Either because they‚Äôre fake or were being withheld while my subscription was active. In either case, this is a scam. Don‚Äôt pay; it‚Äôs just not worth it. They have zero interest in connecting you with someone. They‚Äôre only interested in taking your money. Also‚Ä¶ PASSPORT IS A COMPLETELY MORONIC AND ABSOLUTELY USELESS FEATURE.",1,False,BAIT AND SWITCH SCAM.,mschultz,,True
2021-03-02 18:16:58,"I had been using match for months with 0 luck and some of the other sites seem to be quite the scam. There‚Äôs a profile that actually notes ‚ÄúMatch refugee‚Äù, as they hold us hostage to connecting in very little to no time. Not with OK Cupid, though. It‚Äôs legit and I‚Äôve gotten many nice messages with guys who really align, as there matching algorithm is on point. Happily, I have my 1st date lined up on day 2 of being back on it. The only reason I gave it a 4 star is the last serious relationship of nearly 3 months that i was in, I found through this. I soon learned he was a BAD man. All I can say is Thank god my gut kicked in and that I‚Äôm smart enough to ask a guys full name, just as I give mine. We all ought to exchange our prior to chatting on the phone, forget meeting. Only one guy on here so far, out of 45 matches and more than half that in messages, are giving me grief about it. So, THAT‚Äôs likely not a match. Lol. Thank you, next! Thanks to OKC, it‚Äôs more efficient and effective :)",4,False,"SO Much better than Match, etc.",ALLINPLACEINC.com,,True
2024-04-30 21:29:18,"But the app constantly pesters me with fake ‚Äúlikes‚Äù trying to get be to pay to see who those likes are. I get a ‚Äúyou just missed a match‚Äù warning with the same blurred photo every time I open the app, but there is no change in my pending like count. I had the paid version for three months in 2022 and had zero new likes when my subscription ended, and magically had 40+ new likes the moment the paid sub ended. Of course I‚Äôd have to pay to see those ‚Äúlikes.‚Äù The majority never come through the swipe stream. One match has mysteriously gone from a match back to the paywalled likes and back again despite us already talking ‚Äî this is clearly a weird app glitch not someone blocking me or unmatching, as the account goes back into my Please Pay Us section. Anyway, this app is just real enough to be useful but it is also severely burdened by fake stuff and weird efforts to temp you to pay.",4,False,"I‚Äôve met cool people, and its fun to swipe and chat.",Soren Kierkegaard,,True
2022-04-20 15:44:48,"OkCupid knowingly uses scam accounts to pad their numbers when making their ‚ÄúX number of people like you! Pay us $$$ to find out who they are!‚Äù sales pitch. This company will tell you that as many as hundreds of mystery accounts, whose identities and locations are hidden behind a paywall, are waiting to meet you, simply so that OKCupid can to try to trick you into paying for a premium account in order to show you who these matches are. But when you finally pay the fee, you discover that a vast majority of these accounts are spam accounts mostly from Kenya and the Philippines. If OKCupid cared about its users, it would put measures in place to prevent fake profiles from the other side of the globe to pad the number of hidden profiles that supposedly ‚Äúlike‚Äù you, but the bottom line is that OKCupid does not care about you. They only care about your money. And they‚Äôre willing to result to predatory practices to trick you into paying them for a premium account. This app is a scam. Delete it, report it, complain to the BBB, start a class action lawsuit. Do whatever it is to make this company pay for the years they‚Äôve spent profiting off of their deceitful practices.",1,False,Premium is a scam,Captainfunpants,,True
2022-05-24 13:18:24,"Yea. I want a refund. I‚Äôm going to blow this up under your comments too on the app stores but with that said - I‚Äôve signed up a few times with okc in the past. A few years ago I actually thought this was the best site. It was progressive and there was a wide range of people you could meet. Over the last year I‚Äôve been on and off and every time I join I get 20-30 likes in the first few days. Nothing new I know how this works. Here‚Äôs where I think you guys are scamming people. I probably match with 5-10% of these people. So today I fell for the advertisement of 50% off and said screw it, let‚Äôs see who likes me. After the first few requests I began to notice a slew of accounts from Kenya and the Philippines. Some from brazil and even Saudi Arabia and with maybe 2 accounts local to me. Now hey, maybe I‚Äôm not the catch that I think I am and I‚Äôll take that up with my therapist, but all of these foreign accounts are fake bots and you guys know exactly what you‚Äôre allowing on here. I want a refund. This is a joke. I don‚Äôt doubt that you could meet someone on here. I think a few years ago that was more than likely. But give me a break.",1,False,Absolutely a scam,Nope_NotBrian,,True
2021-05-13 15:11:29,"I have been using this app for almost 6 months, primarily as a free user though I did buy premium for a month and then I cancelled it. I preferred this app over other dating apps because of how detailed you could make your profile which resulted in higher quality matches. Over the past couple of months, the app has deteriorated drastically. They have reduced the daily likes for free users from ~30 to like 5, which makes the app virtually unusable unless you buy premium (which is way overpriced). They have a system of flooding new users with likes to get them to buy premium. Not to mention there are probably more scammers with fake profiles and people advertising onlyfans/premium snap than there are actual users looking to find people to date. I have reported multiple of these users but nothing seems to be done about them. I also disabled notifications through the app but still continued to receive them, and when I tried to delete my account they would not send me the password verification email to go through with it. Save your time and pick a different app",1,False,"Used to be great, now it‚Äôs awful",Adamjackk,,True
2022-08-30 16:01:17,"I‚Äôm giving this app/service a 3/5. I think there is potential in the app however my biggest complaint is how the company tries to scam you. Here‚Äôs a short story why I say this.

So you set everything up, and oh wow look you just got 5 likes. Well I‚Äôm not gonna pay for it so I‚Äôll just keep swiping. Get on the following morning to 20 likes. Can‚Äôt see likes so you pay for the service only to find out they are all from overseas or ‚Äúbanned‚Äù accounts. Then since you now have a subscription you keep using the app. When your month is about to expire, you decide not to renew your subscription since you haven‚Äôt received a single like or a response to any messages sent. 

The day after your subscription expires, you log in and BOOM 50 likes.. so you think we‚Äôll they are probably all spam again, so you broke down and paid again. Yup all spam, from Thailand or china or somewhere else across the globe, all of which have one pic and then say to reach out on Snapchat. You go through the rest of the month, and again not a single like or response. Your subscription expires again and once again, SURPRISE you again have like 30 likes.

When your a free account you get lots of spam likes so you pay for the app, then don‚Äôt get a single like while your paying.

The app itself works well, the comparability quiz is beneficial and gives good talking points, the prompts for your bio can give a lot into someone‚Äôs personality so it can be worth it.",3,False,"Decent, buuuuutt‚Ä¶",cy_Fox,,True
2022-04-23 14:13:11,"So they changed it to basically having to pay in app to use it. You can never see who liked you or viewed you without having to pay. women on here don‚Äôt bother swiping like other apps which increases your time wasted on there when it was already a time consuming process. To make matters worse, apparently okcupid has not notified all the women on here as all of them say they can‚Äôt see likes. Catch 22. Fix it. Edit people still don‚Äôt get your concept of likes. Also get fake politics off of this. Trying hard to push a hidden agenda. Also, used to be able to see all profiles on a single page. Now you need to see them one by one which is really a time waster. Give people the option to do both? To boot, apparently if you say you only want to see profiles 50mi out it will show you a location that is well beyond that. Another problem. Same goes with any other useless search option. Also, if you select that you want to meet women‚Ä¶stop showing those that aren‚Äôt women. There‚Äôs a million options for gender, but if you select woman, it will show you all of them. Knock it off.",1,True,What a mess,ThAdEa82,"{'id': 5767528, 'body': ""We always let you know if you and someone else Like each other, for free. Like the people you're interested in and if they Like you too, we'll let you know (for free!)."", 'modified': '2018-11-01T21:09:45Z'}",True
2017-12-22 18:53:29,"Used to be a decent app, but they‚Äôve fallen far enough in app quality and the user base has hollowed out to the point where they likely have to pay Chinese app rating farms to fake good overall user satisfaction score in the App Store. Talk to your friends about their experiences with the app and you‚Äôll also begin to question if genuine droves are stopping by to leave 4 and 5 star ratings.

Removal of the visitors feature and forcing likes in order to message are clearly some middle management shell game to prop up decaying metrics. Feature after feature has been clawed back and most attractive women are clearly cheap bots. They need to stop antagonizing those who remain and try to make the app better instead of locking more and more behind a paywall until the experience slumps further into a crater.

I cannot in good conscience recommend this app to any man looking to find someone around their level. It‚Äôs a miserable experience. Go outside instead.",4,False,Husk,Rounded Edges,,True
2024-11-18 14:40:26,"I‚Äôve used the app on and off for five-ish years and it‚Äôs nothing but a trash filled shadow of its former self. First off: within the first day you‚Äôll get tons of matches that are not in your preferences or even near you. I had matches from clear bot or scam controlled accounts that use the ‚ÄúPassport‚Äù feature and are scattered across the world. Second: everything has been gated behind a paywall now. Minimal positive swipes. Restricted filter options. Blocked from certain ‚Äústacks‚Äù options to swipe in. You name it they‚Äôre looking to charge you monthly for it now. Lastly: incessant ads are everywhere in the system, both their own trying to force you to pay out and ads mixed in the stack and pop up ads. Bottom line: this isn‚Äôt a dating app anymore, hasn‚Äôt been for a while. It‚Äôs just an ad platform designed to extract money from all who use it, not to mention the data they collect (see the Apple store list to see the whole big picture). While there‚Äôs not really a good app out there anymore the best advice I can give is STAY AWAY FROM THIS ONE AT ALL COSTS.",1,False,The app is filled with nothing but scams,Xc_runner23,,True
2019-07-08 19:02:39,"I‚Äôve used OkCupid often on several times over the years to meet new women and get out and date always hoping to find a long-term relationship. I‚Äôve gone on my fair share dates but they‚Äôre always far apart from each other I get the perks that come with paid for a membership like seeing who likes you without actually matching, this really confuses me it says I have 65 people who like me but yet when I go through the quick search And swipe right every time that I would eventually come across who‚Äôs like give me before I like their needless to say I never hit any of the 65 suppose likes makes me feel like it‚Äôs a lie when you could swipe 200 people as like in a row and not hit one. I‚Äôve lost hope on love thanks to these apps.

Update: I‚Äôve noticed I Deleigh get notification saying someone likes me so I opened it up and start to swipe up and not once have I ever found this person this sounds like a Wyatt or a scam to get me to buy the VIP because I find it hard to believe a dating site is going to make a dozen possible to find your matches as possible but OK see those.",1,False,Not much improvement from the rest,Jeff-a-dub,,True
2022-04-28 15:04:00,"This app use to be ok and I use to find it to be one of the better dating apps. Not anymore! It‚Äôs just like the rest of them now. It keeps going downhill with every update. I remember when you can filter out your preferences and they‚Äôll show you actual matches, but now the filters are useless because you get users in your feed that don‚Äôt fit your preferences. It‚Äôs almost like they want to make it impossible for you to meet someone so they can have more users and if you‚Äôre a paid account, keep paying money.  You‚Äôre not notified in the ‚Äúintro‚Äù section if you get an intro. Don‚Äôt get me started on all the fake accounts and photos that don‚Äôt get removed, or people violating the community guidelines don‚Äôt get removed, or they‚Äôre allowed to continually make new accounts. The mods need to do a better job at removing photos/accounts that don‚Äôt belong. Also they need to adhere to their own community guidelines and not pick and choose based on the person in the photo.",2,False,No longer good,tm_09,,True
2023-06-13 19:53:36,"I have swiped left on several of these women several times already but OK Cupid keeps sticking them back in my Likes You queue, randomly, every couple of weeks. The other big scam with this app is when you let your subscription expire. Suddenly, even though you‚Äôve had virtually no likes in weeks, your queue fills up with several dozen Likes in the next 48 hours. It‚Äôs a scam. Most of them are fake profiles or they are profiles from Third World countries. Even if your filter is set to within X miles. OK Cupid simply tries to profit off your curiosity by gaming the system. So despite their efforts to make it seem like they actually care about connecting people, it‚Äôs just a money grab. And a manipulative one at that.

I tried the app again about a year after I had tried it the first time, and it was even worse. I received about 200 likes in two weeks. 180 of them were women from Third World countries. Meanwhile, I started getting a ton of spam email and text. This app is a total scam. They are just using it to sell your data.",1,False,Terrible,JS6798,,True
2023-08-08 04:50:10,"They tell you if you pay for premium you will see your ‚Äúlikes‚Äù. That‚Äôs an outright lie. They will show you SOME‚Äîabout half‚Äîat most‚Äî in ‚Äúthe list‚Äù. If you swipe relentlessly, though, you will find dozens and dozens more which they held back. You can swipe for days and still find the hidden ones, even after you pay. And even after they say the ‚Äústack is empty‚Äù they are still holding back dozens. They will dole them out to you slowly, as it suits them, just to keep you paying. OkCupid has NO desire for you to find a match. That would ruin their whole scam. They have a vested interest in keeping you as far away from matches as they can for as long as they can‚Äî even AFTER you pay. After all, they don‚Äôt want you to only pay THIS month. They want to get your money EVERY month. But of course the internet is like the wild Wild West. There is no real law. No one is going to investigate or prosecute them. They can do as they please. What are you going to do? Call them and file a complaint? Hahahaha üòÇ",1,False,The biggest scam going,verydisappointed10572,,True
2022-02-12 14:47:51,"Plenty of fake profiles but the biggest thing is how about everyone who ends up liking you with just means they sent a like, is out of the country. When I first made a profile without paying it said I have 23 likes. I figured it was fake but my curiosity got the best of me. Signed up and sure enough, mostly people from all over the world. So I had a month left. Well on the very first day that my sub ran out, I woke up in the morning to 19 more likes! Yea sure. I‚Äôm not getting fooled again. Don‚Äôt waste your time. They bait you in to take your money. Just like every other dating site. None of them are worth it. The chances of finding a partner these days is almost impossible. That‚Äôs if you have good values. If your a selfish conceded narcissist blind sheep, you might do alright. Everyone is for themselves. The traditional couple is about over. They just want sex and money. Immature narcissist. Disgusting. The mature people with good morals are out there, just hard to find. Good luck.",2,False,Not worth it.,G=bassdude,,True
2017-11-28 16:37:31,"I've done Match, Plenty of Fish, Zoosk, Our Time. This is by far the best. I love the OKC quiz that lets you learn more about a prospective' interests, background, and sensibility. It also gives you a compatibility % for each person you click on, compared with how you answered. The site also allows for the most variety of descriptions in the Profile -- you not only do a summary, but list some of fave things to do, strengths, etc. And it's all easy to use. And lots of good, quality potentials. And you get a lot of features for free -- including Sending and receiving texts. The only thing I'd recommend is for OKC to vett people like Zoosk does, with Facebook or photo confirmation of ID. Since it's free, OKC attracts a lot of scammers and fake profiles -- some with perfect grammar, so not always easy to spot. But otherwise, I recommend highly. Good luck. xoxo",5,False,Best Online Date Site,Marianne in NYC,,True
2023-11-20 13:50:13,"I honestly don‚Äôt know how it‚Äôs possible, but the app is getting worse every month.  The likes do not disappear if you dislike them, there is absolutely no A.I.-powered catch system to prevent fake or dishonest accounts, and their proprietary q&a system was dumbed down heavily.

I invested once in the premium package to sift through the 20+ likes I had built up, because I was getting absolutely no matches.  It turns out that the majority of them were non-US accounts, who were looking for green cards.  Ever since, I make sure to just swipe left 100 times or so on that irrelevant Passport section.  Despite doing this, and getting ‚Äúmissed potential match‚Äù messages, my likes never go away.  Why is this not a thing when it is on every other dating site?  I even have to stop my swipes every so often to report some of these accounts who think the only profile picture they need is of flowers or a couch.  How does OKCupid not do some housekeeping to realize that there are no humans in these photos or accounts?",1,False,An Absolute Dumpster Fire,Stevie Pepperino,,True
2022-08-16 06:09:26,"OkCupid makes it actually hard for you to find people who are interested in you without paying a large $40 monthly bill. That price hasn‚Äôt been reduced either and I just started to get ads on top of that. Not only that but if you have a preference set on distance you will still receive likes from people out side of said distance. You‚Äôll get a lot of fake profiles from the Philippines as well. And let me assure you they have no incentive to change that. You‚Äôll think ‚Äúwow I have 20 likes, maybe paying for the monthly sub would be worth it!‚Äù Just to find out it‚Äôs all people who live in another country when you have it listed for a 30 mile range. In short OkCupid has some predatory practices and their focus on finding you a real potential partner is actually close to non existent. What they excel at is taking your dollars for a rather lack luster service. If you are looking for a dating app that makes it atleast semi easy to connect with people try Facebook dating.",1,False,Money over love! The OkCupid new slogan.,patty1337,,True
2020-07-03 13:34:35,It would be great if the percentages that you match us up we would be actually true I know sometimes it‚Äôs not as safe as it should be on an online dating site but having the ratings is pretty cool for the percentages it‚Äôs pretty cool but most of the time when you talk to these guys because I‚Äôm a girl it doesn‚Äôt matter if you are really compatible with them and then still say and do respect for stuff and if we report them they should be notified of what they did note of the person that notified you of what they did and be reprimanded for it maybe they will be true when they get on the site and not trying to hurt people I think the site is pretty good I guess you got to take care of yourself and be mindful of the guys that could be out there lurking to scam you,5,False,If it was only true about the Percentages,nudg me,,True
2024-03-29 00:38:10,"Just an absolute horrendously horrible app. I cannot express how bad this app is. I sign up and right off the bat I have 40 likes? I know they‚Äôre baiting me to pay for a subscription so I can see who liked me. I figure I‚Äôll try it for one week, what‚Äôs the worst that could happen? It took me one minute to swipe left on all 40 likes. I would guess 90% of them were obvious fake profiles. Most of them were from Nigeria, Philippines, or some other obscure part of the world. The rest were from people not even remotely attractive or compatible with me. It‚Äôs very similar to Tinder, I can swipe on profile after profile after profile and get ZERO matches. I have basically the same profile on Hinge and FB Dating and always get matches and dates with those. If you‚Äôre reading this and debating on trying out this APP, for the love of God let me save you the trouble and some money and your time, just don‚Äôt waste your time with this garbage dating app",1,False,"Dating apps are terrible, this one takes the cake!",TACRD,,True
