reviewId,userName,userImage,content,score,thumbsUp,appVersion,at,replyContent,repliedAt,scam_related
745617d2-1e71-49eb-9c65-eb593f0e49e5,Mustafa Agabna,https://play-lh.googleusercontent.com/a/ACg8ocIkfdu3ZKhTa8l6bLZzNWbejgaXr7HLRfu2zZZekt8b_NBoiw=mo,best dating experiance ive had,5,0,3.5.9,2025-01-17 02:59:53,,,False
d8c2132c-0871-4dad-be35-c9a4d33de0dd,Michael Cox,https://play-lh.googleusercontent.com/a/ACg8ocIxzCaisyo6GQ91pWp2KYc09gbOj_ywHpFqwRea4Eh3syIaJw=mo,Good app for disabled users,5,0,3.5.9,2025-01-17 02:20:11,,,False
d01e2737-7fe9-44d4-a290-01263a151b5c,Jose Perez,https://play-lh.googleusercontent.com/a/ACg8ocKdOS6Xo_tlj3aFm1WVPuQJSRtOMmDxNO6xPiHoDMejvLJ1-yg6=mo,App is super slow and also crashes. Look some where else.,1,0,,2025-01-16 06:45:35,,,False
2660ad2c-8a05-4a05-b14e-765829868d51,Jaeden,https://play-lh.googleusercontent.com/a-/ALV-UjW3kuo8TxGLeWD-ut5-e0TLB4FDCxP1-F81qSZbtAVVXf5zB5YJ,"The app is pretty much unusable. At first I thought maybe my connection was just bad but turns out everything else on my phone works just fine aside from the app. It just keeps on loading and loading.. It's so bad to the point that the profile images won't even show up most of the time. But hey at least the ads, which appear every few swipes, work just fine!",1,1,,2025-01-15 20:13:46,,,False
1713a57b-e033-4bda-b95f-47cafdee1c43,Jose Cortez,https://play-lh.googleusercontent.com/a/ACg8ocI1gl30MgnsXAEyVGsso2QbF6UEbFgm5QbFT-rhBEAEfSCC4Q=mo,Can't upload any of my pictures. One star until they fix this.,1,0,3.5.9,2025-01-13 20:40:10,,,False
b9a6a600-35e6-449c-ba9e-996400caf2b0,Sean Brook,https://play-lh.googleusercontent.com/a/ACg8ocLmV5gArMZkFyI5tcfhshrTSWHtcfmeaNG_ZH05Erb5fRZ25w=mo,FAKE REVIEWS. THIS APP DOES NOT WORK. Use Dateability instead.,1,0,3.5.7,2025-01-07 01:28:35,,,False
a3728ca8-46dc-428e-a61f-b15bf97a0aa0,Alex Longest,https://play-lh.googleusercontent.com/a-/ALV-UjVG_E4mMvECX3Q_iwa1wLTjDpQAP7L3QNpBDa1r96D9r8jciZ3D,App doesn't work,1,0,3.5.7,2025-01-05 20:05:23,,,False
a7848e2f-222e-42b7-9533-339efd99bcb0,Jeffery Jano,https://play-lh.googleusercontent.com/a/ACg8ocJq5L1DjQHv66N0cd76V_gILQuk_-wwu2CDlS_1q0i1lYUyAw=mo,Lies lies it saids your app was free. For disabled to meet other disable do,1,0,3.5.7,2025-01-02 19:24:05,,,False
cc055b2a-3ac2-4b03-b293-9060d5a88e02,P***y It,https://play-lh.googleusercontent.com/a/ACg8ocLwE866Z8rd9Uv_5UsUnEuFtwCnQQlWRNnXrPohnx-pyz1lOg=mo,good and quality,5,0,3.5.7,2024-12-25 00:17:53,,,False
31241980-bb25-4f04-90e5-98e17799019f,Tom Hayes,https://play-lh.googleusercontent.com/a/ACg8ocJ9vkjHESYdwWomlRPak2yogLGc_HmwKal7XNY4_1NPySRM3w=mo,"Can't see matches unless you pay for premium. Can't message unless you match. Paid for premium, matched with a bot 10k miles away. MFW",1,0,,2024-12-21 15:46:46,,,False
83a21eef-1914-42e8-9d99-59f3ffc1e482,clint,https://play-lh.googleusercontent.com/a-/ALV-UjX3NuQp7Kje1pDREtvisJrx3h0J2hN6jv7WAdn-XDQUU4YMkOkj,Pretty good so far,5,0,3.5.7,2024-12-21 01:26:57,,,False
705b555b-794b-45c0-9cbd-554d3d1b4114,Nandan,https://play-lh.googleusercontent.com/a/ACg8ocLgQqRhxatXvRfYYC8M_1hdtybgarZ3ah4VJbiFOEaPV5Lm5A=mo,The app is so broken that I cannot delete the account which ends looping around in circles if you select delete account.,1,0,3.5.7,2024-12-20 20:08:26,,,False
53505b1b-9393-4d94-8431-427a16086d3f,Roy Ibbotson,https://play-lh.googleusercontent.com/a-/ALV-UjXOJ3SdPqIcqWZnwZYHWqYwLaTJGBtLt3NWMDGlwMrYVPYMWR23,Takes ages to load sometimes it don't load at all,1,0,3.5.7,2024-12-20 16:59:32,,,False
feb39c6b-795f-4ad0-bc99-98c80a3c1261,T Hayes.,https://play-lh.googleusercontent.com/a/ACg8ocIYrWPGhR7oNsvTAaGy2TG0dsiU53-TIHG27Bi5dNSoH8n-og=mo,"New S24 Ultra, app refuses to load. Tried reinstalling 4 times.",1,0,3.5.7,2024-12-16 22:57:30,,,False
d97030fb-44f6-4bf6-9556-38a97e880601,Phillip Bearden,https://play-lh.googleusercontent.com/a-/ALV-UjWcX_RvWeNMnp0DEqDsxiRgGYzEDQKp3P_cgvqtKC-iG5C3sdD50A,Hard to use unstable platform. Needs more work to be a good site,3,0,3.5.7,2024-12-09 13:44:12,,,False
d6846a21-e1ec-4f86-afaa-6d7b0345c9e9,WronTonGames,https://play-lh.googleusercontent.com/a-/ALV-UjXTGR5_Jh-xwmteH_dhZnYOWsTwENSjhSeehVezUdjpNwMkppkg,"App is very buggy, freezes frequently, screen goes entirely blank, screen prompts go missing with nothing to tap on. Needs alot of work.",2,3,3.5.7,2024-12-06 21:13:44,,,False
b48b943e-e563-4d2a-85d7-c956482b9c18,Jordan Doherty,https://play-lh.googleusercontent.com/a/ACg8ocIJebIwHBINaJhPLbYMo5O5ExxUjCTA-U8s1-zHzs4BRT9BpA=mo,It's very glitchy it's keeps glitching resets the things it's good app udolly it's buggy and glitchy it keeps restoring by its self. I tried premium for month i couldn't find anyone . It's no good it's buggy anyway.,1,3,3.5.6,2024-12-06 17:47:45,,,False
5cfadc82-9298-45ce-8142-394f0ddcb55e,jonny Koch,https://play-lh.googleusercontent.com/a/ACg8ocLAarvalaZ_xDa6ad2C-3Mb7kEIg3R_p9TKZ6-FfDVgz3GpEA=mo,Laggy mess no matches garbage delete this app,1,0,3.5.7,2024-11-29 21:04:38,,,False
b6a455d0-f3f8-4487-a9ef-d5f19144b041,Amber Phillips,https://play-lh.googleusercontent.com/a/ACg8ocJ678x0lzawyjBBgozN-bDVXc66pTMAjPEEJPspCWcRc8nsYyc0=mo,THIS APP DOES NOT WORK. I can't even get through the sign up process it keeps blanking out or crashing out and I've tried way too many times. When will the disabled community have what we DESERVE. I highly recommended not wasting your time trying to use this thing especially with all the bad reviews.. I can't even completely sign up.,1,9,3.5.7,2024-11-28 00:18:20,,,False
60aa0f3e-6801-40b1-9cd0-f4f49ed297de,Debbie Ciara Jenkins,https://play-lh.googleusercontent.com/a/ACg8ocJFax__hw2Qlyz3C2ZDYxQgT4PZGWiBBRpSY1381RtixVc62Q=mo,Great set up,5,0,3.5.7,2024-11-24 06:15:19,,,False
45b240b1-88dc-418d-b595-b14a31cb9862,Elijah Manzanares,https://play-lh.googleusercontent.com/a-/ALV-UjU6YcfC2SFLjrSbSx1hXdAtCmlacw2KKLLjMC5Q3NO7eS_fBi9K,Would not work for me. Nothing happened after I put in my birthday.,1,0,,2024-11-16 14:49:01,,,False
d2adddef-84f2-4061-a865-ce458280f552,Duncan W,https://play-lh.googleusercontent.com/a-/ALV-UjWei3QTpC1I5IzzX8jC6Y9hmBB9DbqBNKXNV0fxp45iudiCfPFu,"So frustrating. I'm trying to set up my profile and look at the site and there are non-stop flashing and fast-moving ads. Plus profiles don't load up on screen, even though I am definitely on fast WiFi. It's just impossible to navigate this app. I cannot tell whether I am clicking on part of the app or another ad. The least user-friendly app I have found, in an area where people need clear and easy access more than ever. Sorry I couldn't be more positive.",2,4,3.5.7,2024-11-12 12:58:28,,,False
6cb3854c-939a-43ea-b4aa-bd5daa139bac,Jeffrey Brown,https://play-lh.googleusercontent.com/a/ACg8ocJRcWC1paJRB5ta8LAwZG8JvlwQcl_4xOdKXr9osMkB68Gb1w=mo,"I got a message that I got some 50 or so likes, so I paid for a trial and there was literally no one within 5,000 MI. I'm pretty sure it's nothing but Bots..",1,1,3.5.7,2024-11-10 22:48:13,,,False
bac4cbf3-9e6b-4203-99f6-038558fc11e8,Travis Ellis,https://play-lh.googleusercontent.com/a/ACg8ocLKK3Dd2dFennD2Lzzc894KVPi5lwht5Oe3MqDEnqeh7Z797A=mo,Very every slow and often dont loads.,3,0,3.5.7,2024-11-09 14:56:41,,,False
8d0ee999-906f-4598-9223-76b3cf723bd1,Phonita Kamasho,https://play-lh.googleusercontent.com/a/ACg8ocJF-DQ17jLkHF_RF8m-KBfcIRqRhppY54MyeJtbISr6soB-7_E=mo,trying it,1,0,3.5.7,2024-11-05 17:56:49,,,False
baa5dd26-549c-4887-97af-16b6b1c7aade,Neha Bhardwaj,https://play-lh.googleusercontent.com/a-/ALV-UjU73DKoQVw7lwDfuG9fxSzXr0nOFpTe_Vpq-TN-jRXsD2NVIUI,Very helpful,5,0,3.5.7,2024-10-24 11:16:05,,,False
b24aa098-3054-400f-9943-990dd375558d,Kiyingi Brian (hanie),https://play-lh.googleusercontent.com/a-/ALV-UjXNeZ2lno_wBeuniRBwksS0Dnr_0za92bs5uLXzHkduuTx6yd2HOw,more improvement needed,4,0,3.5.7,2024-10-19 23:13:52,,,False
d4168c67-0c8b-4009-b46d-a2adec1ff105,Wezlee Dingir,https://play-lh.googleusercontent.com/a-/ALV-UjVUlpjWJXktOgiqFc1CM-5nOtWUMeRgdESyoTrjxOWosbrQPXY,Fake app won't let you delete photos or account matches you with people in a diffrent state no one responds and when you reverse image search have of these people reply not knowing thir pic is being used on this website. So sign up if you want to00,1,2,,2024-10-19 00:40:58,,,False
dab4dd91-6d5e-450b-93ec-934d22bf8ebc,Ranjeet Kumar,https://play-lh.googleusercontent.com/a-/ALV-UjVFJ4STPMwWk0hJRRpYYZKQxor6nM228RCCwguXyl1VsHVwo6g,superb app,5,0,3.5.7,2024-10-16 20:50:37,,,False
432e5f06-b7c7-4174-9ddd-ee85e64a18b1,Wayne Daniels,https://play-lh.googleusercontent.com/a-/ALV-UjXiZ7KOE9jxUhFc5fwq1KUMMM1pN4c8LOij86RPHxGtXlHbQtvh,Awful,1,0,3.5.7,2024-10-16 19:06:40,,,False
bb17ba53-71c2-4227-a023-6f3f85a5d8ef,Mark Lee,https://play-lh.googleusercontent.com/a/ACg8ocIG_UeYh7opOvEdzX_fUJSzgJI__xEIbO8u0jTFvKpi8KMoNg=mo,Great,5,0,3.5.7,2024-10-09 21:12:58,,,False
ee6e75ce-27ee-4e70-b34d-1456b914587c,Alyssa Allen,https://play-lh.googleusercontent.com/a-/ALV-UjXFg7TUPrB1x0kpyzFZT6pcQv4H0W0lWPn_WW-UXkLvt5mlBfeU,Tried this once and no one wanted to talk to me. It was very disappointing as for someone who wanted friends.,1,2,,2024-10-09 05:30:47,,,False
e08fd82f-dc55-45b2-bce5-176429dde77f,Sam Gobel,https://play-lh.googleusercontent.com/a-/ALV-UjVVQIFoGCHta6MlPlNYO0aRuczHJR5HeMYLwOn5jzV_DZOSKT7s,"It worked good before, now it's refusing to open up by taking minutes to hours to load.",1,1,,2024-10-07 21:23:02,,,False
03879f54-dd91-4e41-a84f-f1dd290bee16,Kyle Ramos,https://play-lh.googleusercontent.com/a/ACg8ocIfIceojtGsXUU0bFrY77iz0VNjV-dD0TFE3QAK2iucexvXYg=mo,udolly is like hiki but unlike hiki I can continue with Google instead of signing in with my phone number or Facebook or Apple,5,6,3.5.7,2024-10-06 17:45:27,,,False
3c8324f3-aec0-4208-b050-39a520a12863,Frank Pryce (Duke),https://play-lh.googleusercontent.com/a-/ALV-UjU3WjLt8ookeZajKpsP3IxPfdG1oAnmmYzItQbDHivQyzGJ81Id,Very good so far,5,1,3.5.7,2024-10-02 23:14:07,,,False
d547e842-b4e3-43ce-82fd-158e4a3a2d4b,James Boyd,https://play-lh.googleusercontent.com/a/ACg8ocKBucL9T_UGx05YW0GLJQMxI34PPKYI7ZDL3siKglG_uS66OQ=mo,"Awesome, really like the app",5,3,3.5.7,2024-09-29 17:41:09,,,False
accae20b-124d-420b-9d42-378075f0d73a,Pete,https://play-lh.googleusercontent.com/a/ACg8ocK2JQ2xXgLcXY1UB89G9Mxg4tneYW9AE9loRJF3AtRT21r0Sw=mo,App doesn't load or work,1,0,3.5.7,2024-09-29 01:51:53,,,False
8c86c80c-18dc-429b-a674-41ab8ce99b82,Kenny Lisle,https://play-lh.googleusercontent.com/a-/ALV-UjWBmEsfXCgHM7PYRCzMFu4NaBTCPNCQIzK6I3URZi3eJSNYSYM,Gateshead,5,0,3.5.7,2024-09-23 06:07:59,,,False
0dcea8a7-861a-41a7-bad2-291ddc00e8d8,Grace Anderson,https://play-lh.googleusercontent.com/a/ACg8ocIo7vap3O6QYu6H-dL1EzQPPQshO7wuIZRkigkiDLf_F5bJ1w=mo,App srays on splash screen qbd doesn't provide a way to login or register. Please fix or provide email so i can provide further information if needed.,1,1,3.5.7,2024-09-15 19:10:38,,,False
c76d451b-6cc4-4376-96db-dfc5ad0d4665,Cove Shores,https://play-lh.googleusercontent.com/a-/ALV-UjW1oMGJFhRbvthrjHOnb8Reiy_UkL0f9MKoXJtb1QrkIbPXYdnVmg,"I can't even make an account, I get a white screen soft lock after my birthday",1,1,3.5.7,2024-09-13 07:46:06,,,False
56540360-509e-487c-aca0-6da950448122,Jason Rambo,https://play-lh.googleusercontent.com/a-/ALV-UjUKssD0Fkh9lwYLyiz-ohjqlEcU5GKYeT1w6sHkpdYgaMS3lq3LNA,"Grammar is not important to the creators of this app; I didn't even sign up, as I couldn't see it being any good based on the first screen.",1,0,,2024-09-04 20:29:48,,,False
16a0c202-9a1a-4000-99b2-b3194436f4db,Jazlyn Wilson,https://play-lh.googleusercontent.com/a/ACg8ocK7vtrtz3VnXywgQXqU3wNla6Ch1OZzBf0gDDDdYteAhB8RYnU=mo,I hope one day in the future . You can make it so we have the option to make friends or date the same gender,5,7,,2024-08-30 02:44:56,,,False
3e65ab91-c147-4688-af4e-3544b7cf7289,Salty Texan,https://play-lh.googleusercontent.com/a/ACg8ocKRUokvuIkYKVCFf85VuARcL_NyJ0H0tQmqFNUJ-uj_05Gufg=mo,"Horrible user interface and very limited and confusing. I've set my preferences, I am a straight male, and it still suggests me other males. I get notifications with horrible grammar. Do not waste your money.",1,7,3.5.7,2024-08-29 11:27:40,,,True
31b058e3-833f-47c6-919b-b31d4c1d364e,SOLITARY SOLDIER,https://play-lh.googleusercontent.com/a-/ALV-UjUZcVSi-7-WRFGACM7xsFOo_MrT4m5k8cynPFUDX8BL-oQRLZg0,All I see on startup is a blue screen and company logo...why isn't it starting,1,1,3.5.6,2024-08-21 16:19:49,,,False
8124858f-afd5-46f5-8431-2df393732656,Briana Beals,https://play-lh.googleusercontent.com/a-/ALV-UjUmHWcI8LNUqD5MF8fc63ohDk_tvjlmzdLc9rvg1xMiYOwyJju9,"I kinda not safe for me there was this man who did photoshop putting random man's head on his photo. -_- That most horrible bad catfish I never seen, some are catfishing on there. ü§¶üèæ‚Äç‚ôÄÔ∏è And some suck doing photoshop being instantly noticed.",2,0,,2024-08-14 16:41:46,,,False
12fe2ded-088f-4f48-85d5-1cf2e4bab270,Ryan,https://play-lh.googleusercontent.com/a-/ALV-UjUp9wgeqTKjixxvyOwvRoKKpxSOZfhOGwMI2uLE-WWLoFAf6cY,Total scam you have to pay money to see who gave you a like and then when you pay it and go to the like tab it's empty so they baited me with fake likes,1,4,3.5.6,2024-07-31 08:04:10,,,True
16908a99-6d33-48d2-bbfa-a62945e79070,Omosefe mercy Ezenyi,https://play-lh.googleusercontent.com/a/ACg8ocJ6a7Rg1EN2SrM_Bw8b2fkz9xpjeHaNsPbUKohxalwDKtTecA=mo,good,5,0,3.5.6,2024-07-30 17:53:38,,,False
4d81df9e-8944-44f3-88c3-57c5405e50cc,my Best,https://play-lh.googleusercontent.com/a/ACg8ocI52uqVZNZ1BivTcbPY-NFH_V--BFmnjGncy9x9kY4AcKOPew=mo,Good,2,0,3.5.6,2024-07-29 15:55:59,,,False
22bda5d6-6e72-4ed0-aaa9-14d01d88feb4,Elyjah D Herring,https://play-lh.googleusercontent.com/a-/ALV-UjUqWzdGHS3ja3loF6s0uI4B5_e_1KPWs0kT0jLCKQ1i42idUTg3,i love this app,5,0,3.5.6,2024-07-29 15:50:35,,,False
024e0cda-3dd7-452e-900e-c7b542c49ae8,Brad Hollaway,https://play-lh.googleusercontent.com/a/ACg8ocLqT6oFKo8KllMiEsnj5mGLcvVHGoSoER8UCg_vKR_Xy4Y4X9Y=mo,"During install terms and accept screen was blank. Now, almost a year later i downloaded it again. Issue still remains. Deleted app again, no sign up.",1,1,,2024-07-25 19:40:56,,,False
1829afec-a948-4ccf-b1f3-2ad69861e606,J C,https://play-lh.googleusercontent.com/a-/ALV-UjWUMGG39i0dC7KyQ7ANlQ51u9Fz7YIxJg9jGDC5KD7-jaxs_bFP,Can't create an account; the app keeps buffering indefinitely,2,3,3.5.6,2024-07-16 19:26:31,,,False
574abe5a-c873-44d7-8824-aee8bbb28e13,lawnmower man,https://play-lh.googleusercontent.com/a/ACg8ocIkhceN2Rcyn3euDoxRt9Gssczoj9_j80VUkeaAzixKn1ikQg=mo,Nothing works. Carnt delete account. I think it's a scam site. Contact them page is full of adverts and no way to contact,1,5,3.5.6,2024-07-10 19:37:47,,,True
27d03d5e-dcdd-4b10-8c1b-4319777c6fa4,Kristy Hawes,https://play-lh.googleusercontent.com/a/ACg8ocJwWSGJqHidmlUG1SmTdBD7y90cZnkg7PexPKd2TA7jzEgFiLU=mo,"So many pop up adds and hardly anyone on it, un installing",1,2,3.5.6,2024-07-08 13:28:48,,,False
bd97e31c-237f-427e-860c-8f2a8d4eae44,Arvo Zylo,https://play-lh.googleusercontent.com/a-/ALV-UjXl6argoJvzVndxQelslW32qyTcGsbKKvFri-y9k9GHXGTw91_L,"Riddled with spam. The loud and interrupting kind. Uninstalling now, didn't last five minutes. I hope the developers get mutated with radioactive slime for trying to unscrupulously exploit the disenfranchised.",1,9,3.5.6,2024-07-05 07:51:36,,,False
c6b11bd1-8aa6-40b0-a522-b66a240c000f,Captain Three Thumbs,https://play-lh.googleusercontent.com/a-/ALV-UjX8bp-H3UL58cG-UwHTat6djNqpzsvLzsuQBZAhfCIlYjGxoFBN,App doesn't work past the birth day entry screen...,1,1,,2024-06-20 20:35:08,,,False
3594b379-4d21-417a-aa91-8f9294bb3cd3,Benjamin,https://play-lh.googleusercontent.com/a/ACg8ocK5GI3dSqi5ubc6hUKRaMAl95deBn2kCZx7XJLE3g5bkQsJvpY=mo,"Ads every 5 swipes or so. Doesn't remember who you swiped no on. Absolute shambles of an app trying to exploit those with disabilities. A lot of the ""positive"" reviews seem fake.",1,7,3.5.4,2024-06-14 09:09:56,,,False
3c6684c7-d005-4cc8-999c-dcc2611b986e,sunil pokhriyal,https://play-lh.googleusercontent.com/a-/ALV-UjUmPlRjSfWCnHcfe1WsN4LfJ4dITZPwOXEfLgb6XB-inos5wlHr,very good application,4,0,3.5.4,2024-06-08 07:13:36,,,False
12e3a9c3-8b1c-4d98-8823-811fe4e1b4df,Paul Leach,https://play-lh.googleusercontent.com/a/ACg8ocI0KPYV9o5IIN3CRyjLg1dvqiu4bzuE_2TPdzN_dl6cVktltg=mo,very good app,5,0,3.5.4,2024-05-29 03:27:16,,,False
2ab5e81f-2b54-4983-9989-1200c67b7bba,Darol Sole,https://play-lh.googleusercontent.com/a-/ALV-UjVJe0y-8cGAtYDyhMZAblCL_OdNS6MdG2LZn3Prkba1RoHMDKs9,this is a good dateing app,5,0,3.5.4,2024-05-26 19:27:18,,,False
2e51b7ea-f822-4d27-9db2-c9896edbdf37,Wayne Vaughan,https://play-lh.googleusercontent.com/a-/ALV-UjVDBfotKe_d3pgci3rVSjxGWhk1Ho4bP7n2iseVZvrNDrWkY58,it sucks that you have to pay money justbto meet some one. there no one on there that lives in Boulder Colorado they should make a disability or disabled dating app free and find people in Boulder colorado or where people live. it hard find some one that lives long ways from you.,1,4,3.5.4,2024-05-22 19:23:45,,,True
85096653-2738-48fc-9ddf-ac382b0bb215,David Underwood,https://play-lh.googleusercontent.com/a-/ALV-UjV9DCDBuNsfMXWP8cVg6ktIXQafxwR3Ly_LAi6Gq-oRv1mRjlQ,"I barely started my profile before I saw plenty wrong on here, for example the Pisces zodiac option is missing, and your available disability options are very limited, the spelling of many words are incorrect, and the fact that the miles option doesn't start locally won't help you meet someone if you have limited mobility issues which I don't, but I can't drive because of my disability. This site is needing to be rebuilt from the ground up, it is not easily accessible for the disabled community.",1,1,,2024-05-19 19:32:24,,,False
098e4c26-2ca2-4124-81a9-6bc3ba93551a,B. Patrick,https://play-lh.googleusercontent.com/a/ACg8ocJLMb87bTMlqXtY9iWsvsAtixdG46ZCF78dBWYCi4DOwFs8F4jS=mo,"Don't buy a subscription! I purchased a subscription & it worked for literally 1 day. I got all these nice matches & then day 2 I couldn't access half the app including messaging & matching features. Now I can't even log in! Google sign on won't function at all & when I try to sign in with my phone # it says the confirmation # is wrong when I literally copied and pasted from the text. Nope. Still ""wrong"". This app was made solely take advantage of disabled people. Shamefull.",1,31,3.5.4,2024-05-14 13:08:44,,,False
c4028490-db2a-4d25-a6a8-87f1d68f7653,Lori Bryant,https://play-lh.googleusercontent.com/a/ACg8ocJShUczg_5fSQGvGM0xeqQ1FZCQx2DbMJsNtSWiRO6FczlRiQ=mo,Don't work,1,1,,2024-05-13 18:54:40,,,False
17465d46-e19c-4c5b-b35c-4594d2f181c3,Mitchel Perez,https://play-lh.googleusercontent.com/a/ACg8ocLDpUMn5UW-kSs5HTV90o78s744zGwJzncJjcXG0AcfUYUSr0I=mo,"i read the reviews before install but still give it a try, DO NOT HAVE THE AUDACITY TO ASKING ME TO EMAIL CUSTOMER SUPPORT. the app doesn't have a free option to text or connect so stop saying that, it takes me 2 hours to realize that and . i an in Jacksonville Florida,the biggest city on the east coast, and is just 7 options for me to check and all over 200 miles away, this is a app for disabled people on fix income so stop asking for money and fix your location issue!",1,12,,2024-05-09 15:02:35,,,True
b4f10dd6-e42b-4afd-b07e-d4e9d42fcaf6,fire eyes,https://play-lh.googleusercontent.com/a/ACg8ocJBbIbpvtiyUmD_9DAI3MAO6NwWEV0BaQKaUaV7o--RQPenkA=mo,"Who charges people just to find that someone. More importantly, fixes are needed indeed. Love or friendship shouldn't cost because it's priceless, nor should you use it as bait to make a few dollars.",1,10,3.5.4,2024-05-07 07:52:48,,,False
ff6af479-0980-4973-ad41-cd404e45da80,AIO,https://play-lh.googleusercontent.com/a-/ALV-UjVqgjd0BuQZ_dpGBrS72LZzzD3jReWynz5PWGM60nLDSlwZW8g,Can't select multiple disabilities and can't see what my profile looks like or change profile picture,3,2,3.5.0,2024-05-02 01:33:38,,,False
0cf21f80-f4a5-4ce9-9f04-67d7a0341ba0,Steven,https://play-lh.googleusercontent.com/a/ACg8ocLB0c5_D0Gly4nF0gWlTZ_cU5-nwVu6LVIClUzSurbkbMrfhQ=mo,"The app is completely bugged and doesn't remember the profiles you swiped on, so the same ones keep on reappearing.",1,6,3.5.0,2024-05-01 00:17:17,,,False
c7ee4ab6-ad02-4e64-9aec-1914092ba060,Siddharath Sharma,https://play-lh.googleusercontent.com/a-/ALV-UjXXRqGKUdcXfuvcbs23OZdp_lvsRCEebSzUvlI6-jdVCw4rZZNE,Neither you can see who like not anyone ever respond in chat unless you paid for it and even not sure would it worth paying it not. They must have given a limitation of making friends for free so to let users atleast try what to pay for.,2,0,3.5.0,2024-04-23 13:00:33,,,False
6a5ccea1-023a-43fd-9aa9-37f09a12ef37,Boone Cardin,https://play-lh.googleusercontent.com/a/ACg8ocIk2IR5cmzMn5gS4q6OLlNwkdOCwWyUHmyO0BPAfH_pxUSRlw=mo,Pretty much fine; nothing to say much of.,3,0,3.5.0,2024-04-19 19:28:50,,,False
0500602b-47f2-41d2-86c3-8a5953b8f666,Sandesh Sandu,https://play-lh.googleusercontent.com/a/ACg8ocIJ8u4HpL_PuvLNuOYwyImbQwFZz7_jYAQVy7bEORBQ5y1BFA=mo,Finding my soulmate on profile at a time ü´£,5,0,3.5.0,2024-04-09 11:22:18,,,False
0b280c30-323f-44fb-b996-f943d49d7d61,Mark Andrew Lumahang,https://play-lh.googleusercontent.com/a/ACg8ocLbp6iVx18jjkO5AN1WfhXRDMIynMCTOII7LDu-yBqfQYNfiQ=mo,it's a okay,5,0,3.5.0,2024-04-09 11:07:38,,,False
8a729bde-4017-4929-b0c7-e04be811937f,Jasim No,https://play-lh.googleusercontent.com/a-/ALV-UjUfbfFjVARHdtRSSwjrxA_zolvsjdUriSAUGQD2x2eqGTeHbqg,swipe match repeatüòÑ love is just a tap awy,5,0,3.5.0,2024-04-09 10:55:21,,,False
763fe39f-0e9f-4a55-acf8-47663e906e39,Athira sudhin,https://play-lh.googleusercontent.com/a-/ALV-UjXt8YGePYRJim9Jp7j47pTTkUQFEh3sx-l8W3j7aDMj3gKsARzU,Connecting hearts across the globeüëè,5,0,,2024-04-09 10:55:10,,,False
0daf36f6-8bd0-4a27-83a3-b45546c47c59,Satheesh Unni,https://play-lh.googleusercontent.com/a/ACg8ocIkLYhOA8TPh9esDnX-Wmt7yPIjRv5sPwmN0eNkjtYTLiAF1g=mo,love at first chat ü´∂ü´∂,5,0,3.5.0,2024-04-09 10:53:36,,,False
043353f8-bc23-440d-bd69-eb4bbdd0d586,Muhammed Midlaj,https://play-lh.googleusercontent.com/a-/ALV-UjUssNZ3lnXL895fi8gkLQhGE-7FeX5TYbmQ0_YO02L2ruX_MuuL,the best dating app out thereüëå,5,0,,2024-04-09 10:46:57,,,False
6448fe30-f65e-4785-82bf-892572f49e8b,Albin T,https://play-lh.googleusercontent.com/a/ACg8ocJAqjVIweZ7vSvlyWVinE8QKziJITtBFHb32MXxXhMiCeBGkw=mo,love is in the air Meeting nw people has,5,0,,2024-04-08 11:56:22,,,False
4cac7960-a131-4b49-957a-8fe1fa7bbd31,Jasna Achu,https://play-lh.googleusercontent.com/a/ACg8ocIHbdXllWS_PDgrUGQ2ms6q6uJbOSjo6j6N3eCIcmTpdTWBOA=mo,never been mor exciting wowww the future of,5,0,,2024-04-08 11:46:00,,,False
9e32728b-799f-4a28-bcd0-b4b961520a1c,Rohit Londhe,https://play-lh.googleusercontent.com/a-/ALV-UjU7bT2w51sBGjzqiv-2YCTvG7y7GpT6_C4VhrOOCzs6ecb0YTUZ,"Finding my perfect match, higihly",5,0,3.5.0,2024-04-08 11:44:47,,,False
03e88ba2-fd00-4487-bda7-5ba41b857aba,1xx,https://play-lh.googleusercontent.com/a/ACg8ocJwRPFRv2l28GB-euj-OMJ_0KX80GKdhRzPHd9ZOKMGWpyACw=mo,Poor quality app from my experience.,1,4,,2024-04-07 15:25:21,,,False
18d09cad-e8ef-4bf1-a23a-19969b879a22,Bhanu Pratap Singh,https://play-lh.googleusercontent.com/a-/ALV-UjXOwUuWZbuyKf7oKAFDdlmqHEpggNl_kHSCCsv69wuCTkDMiw6z,Great app for disabled peopleüòç,5,0,3.5.0,2024-04-07 09:22:51,,,False
6280029c-e708-4f0e-add8-82a2b6bfb1f9,Hacker Gaming,https://play-lh.googleusercontent.com/a-/ALV-UjXoxjfa7Lwn9NqxD7_lxIx-qyn5WugDogBkfrwAl3d-zLU0bx3J,swipe right for romanceü•≥,5,0,3.5.0,2024-04-07 08:36:16,,,False
f27683ee-ce83-440a-be62-772fe8bc0281,Madhurima Singh,https://play-lh.googleusercontent.com/a-/ALV-UjVCHWq7fBozFHjvb2hGphZSXTj0VR07Pq8nFClPV3PDEFGPxhcw,Finally a dating app that works,5,0,3.5.0,2024-04-07 08:18:12,,,False
941e465b-59de-4b70-95e3-8e8e3ec677bf,Dk Gaming yt,https://play-lh.googleusercontent.com/a-/ALV-UjWXN9zK7cEVbWDt6lYwiFTUDjO7Xk_89HjFa8k0ZN9lPUSBijU,adventure,5,0,,2024-04-07 07:26:03,,,False
2f38d32d-41d4-4b4b-890a-8cdd53f2d328,sona v7012,https://play-lh.googleusercontent.com/a/ACg8ocI1LEcUyfBVyMJtIWYOjKGYWhL58wGK-b4sQVyEjnwJxZbiwQ=mo,it like a virtual dating,5,0,3.5.0,2024-04-07 07:24:54,,,False
e00f9f96-cde5-4f1d-a27c-4439498c525b,Basith Samedh,https://play-lh.googleusercontent.com/a/ACg8ocJGBRBNE_iY5ERhJVLpaVgarFB7XR8fHqINmHNsPXHYvdRu9A=mo,Udolly is nice good app having good interface I like this app so iam giving five starüôå,5,0,3.5.0,2024-04-06 08:58:52,,,False
6af67d6b-a31a-4081-b658-1283b91c2fea,Harigovind VH,https://play-lh.googleusercontent.com/a-/ALV-UjXhQI4mziNL_5-EK6uaBOKEEFnfIyqR23bcStYAYdxi95A1gtk,Findng love just got easierüôè,5,0,,2024-04-06 08:51:37,,,False
5d9308da-dee9-42f4-81bd-b92166d47d33,Suresh kumar MV,https://play-lh.googleusercontent.com/a-/ALV-UjVwC7hJ_xBTBJano6UFqqAA__rnu_E6iW3zdPbS50IEed2r7Yo,with new people,5,0,,2024-04-06 08:49:29,,,False
e3b2b43c-fe30-4067-93cc-ecf4da82e53e,Parag Ami,https://play-lh.googleusercontent.com/a/ACg8ocIWIU04PFioBM9PmtQiH4-Hd37e4swA5r2V5Xwdp2P2VIJFJg=mo,having a blast swipingü¶ª,5,0,3.5.0,2024-04-06 08:47:54,,,False
f3d2dd33-5f94-4b52-b252-5e496650e917,Rahees Rahman,https://play-lh.googleusercontent.com/a-/ALV-UjWxPXm52WMspfI32q1gUbCuYOBjHkk_cwLEPftqqOq_iGxCSs0,fun and easy to use üôå,5,0,3.5.0,2024-04-06 08:47:05,,,False
be3e1f4f-d00e-4a72-ad90-889eacd407ee,Raj Aryan,https://play-lh.googleusercontent.com/a/ACg8ocJexz9O963BS0TdzJ8ckb9cAKhX6-uV2ZG29xAzigMYxNfnNg=mo,Now work you work,5,0,3.5.0,2024-04-05 16:50:14,,,False
751348bd-6aa2-449a-874c-05d01b7b480f,Miiduu,https://play-lh.googleusercontent.com/a-/ALV-UjXNACHrCI19IPZnystzttNum1m6_jsPzfrLT2YxabyNZdSn2x4,I'm excited to see who i'll meet next,5,0,3.5.0,2024-04-05 16:41:47,,,False
50482e8b-e647-4799-adf1-c3607d3b7ebb,Nazir Ansari,https://play-lh.googleusercontent.com/a/ACg8ocIxaW5yqb6aSMuuU1TGghIuJcG6uty9KtcZh0H1Ltp8I3SSAg=mo,I meet someone special here ‚ù§Ô∏è,5,0,3.5.0,2024-04-05 16:40:41,,,False
098e032d-8a20-4921-82c5-b0644725261c,Rishabh Kumar,https://play-lh.googleusercontent.com/a/ACg8ocK7UMQ6TPUVgpEOmzk2G_DJq87nki97X3nfdM4tgRC_MinRmg=mo,So mny interesting profiles,5,0,3.5.0,2024-04-05 16:39:10,,,False
688cb7df-ca67-4adc-a6b7-acd43ed5c599,Fida Saleem,https://play-lh.googleusercontent.com/a-/ALV-UjUOyNwheOa8IzQExbd1e34ZKwTjJHdDpQUWPdWwcpPWzkyHu30,Love is in the air,5,0,3.5.0,2024-04-05 03:13:03,,,False
e3b1cdcd-25b4-4af0-8897-849ac653bb0b,Joe Nash,https://play-lh.googleusercontent.com/a/ACg8ocKDPMYXf3YHU9Ub-KRwCplbbfIiXpsTiF-J3FVst4ES48dVvw=mo,Hmmm I payed to upgrade and all my likes and everything disappeared this is a scam of a app it's just used to steal peoples money well I will be contacting goggle play store to show them u are a scam app to get ur app removed and calling my bank to get my money back,1,7,3.5.0,2024-03-23 03:50:11,,,True
f485dbb2-4e95-4a5e-a4e8-5c6abc8c49a4,AS Your Local Guide,https://play-lh.googleusercontent.com/a-/ALV-UjXXv-YLwaHHeKqIytZ8DNH3prTJi4mnvrcLqBA3Baf6Zwivl7NH,"Don't do it. 2 ppl in my area and nothing on their profile with only 1 blurry photo. Sucks. A lot of the men on there are not disabled, they pretend to be to scam on chicks they think are desperate",1,2,3.4.8,2024-03-04 01:37:11,"We value your input and apologize for any inconvenience. To enhance user experience, report any concerns about profiles or suspicious activity. Your feedback is crucial as we strive to make Udolly a safer and more enjoyable platform for everyone. Thank you for your insights and commitment to improving our community.",2024-03-11 18:56:40,True
fabb56fd-a2c4-4136-8eb8-026ba7bb4db6,Depeche,https://play-lh.googleusercontent.com/a/ACg8ocLtxFZTR4Vi9GCG19eNpv3f9EFeXJg1lXoaaR3VDvwOnYcryg=mo,"I have autism and passive and I really don't think the swipe left or right system works because Im a defeated depressed person. I want girls who like me to just message me without the you like me I like you rickamarole. Also I think it's bad to ask for money from the disabled, especially since this app has ads. I really don't see me finding a girlfriend on here. This is definitely a fake app and Udoll's YouTube comments are turned off so you can't call them out.",1,6,3.4.8,2024-02-23 10:47:50,"We hear your concerns. Your feedback is essential. We're working to improve the app's features and address financial aspects. Your input matters, and we aim to create a more positive experience for users. Please contact our support team for specific concerns. Thank you for sharing; we're committed to enhancing your Udolly experience.",2024-03-11 19:00:14,True
56b2cdc3-6248-462d-897c-d88ce449125a,sungsik kim,https://play-lh.googleusercontent.com/a-/ALV-UjWa3lDt6qqLC9VV0mGgCt6zy65KNCCXBpaSiRrit2DjZ8LwwpLD,good dating apps for disability people,5,0,3.4.8,2024-02-04 09:19:32,"We are pleased that you enjoyed the app. If there is anything we can do for you, just let us know at support@udolly.com!
Have a wonderful day!",2024-03-11 19:08:23,False
001d6713-8083-4bbf-b6c3-63796e7145fc,John Macleod,https://play-lh.googleusercontent.com/a-/ALV-UjVMKoLdj5h9bZyIW5pP6AF7nlAwXyN95JusT-3heRciD3QOoI5A,If i wanted to date someone from china and if i could ever afford to id be boarding a cathay pacific airline to meet the love of my life whom it seems in reality isnt to be i feel truelove is elusive,1,1,,2024-01-23 18:52:07,That doesn't sound right! Can you give us more information at support@udolly.com so that we can investigate.,2024-03-11 19:09:01,False
5f4da9a6-b6a6-43fe-b7d8-1d309d9ee225,FirstName,https://play-lh.googleusercontent.com/a/ACg8ocJ5uC1K79H6eNirtCHaI962xmId4qMEiriAdfu0pfWrYPuGa6Y=mo,Unfortunately completely unusable... if not a scam,1,1,3.4.8,2024-01-15 22:28:04,"Apologies for any difficulties you experienced with the setup. If you have any questions for us in the future, please don't hesitate to connect with us at support@udolly.com.",2024-03-11 19:10:13,True
9cffdd87-18b1-484b-bd25-b47aa782febc,Paul Appel,https://play-lh.googleusercontent.com/a-/ALV-UjUcbLytiZoASbz9-TP0QTEI4v8aBpW6GGuj_v_Bq7pNUPw-aOgJ,One of the worst app designs I've ever seen. It feels like it was rushly developed by an uninterested undergrad student for their secomd semester project.,1,3,3.4.8,2024-01-14 22:22:10,,,False
08aa1975-bb94-413e-83d3-b7bd6ce8cd50,John Ross,https://play-lh.googleusercontent.com/a-/ALV-UjUV67KdbeO5euv4iUmwlIyK0BXSqxnKRVOUFoBdlwUv37SHlwMx,"AVOID LIKE THE CLAP... THIS SITE IS FAKE.....Google play needs to delete this app as it is fake dating app. It takes your money and then gives you nothing other than the basic service. There are NO DATERS ON THIS SITE. AVOID LIKE THE CLAP IT IS FAKE. Update for app developers. You are the liars, and producing a fake APP, WHICH should be removed from Google",1,2,3.4.8,2024-01-09 02:23:50,"Hello,

We understand that your experience was not as expected and for that we apologize. We are constantly looking to improve the app, do you have any suggestions other than saying things that are not true? We are not a fake app, we are a serious service that will improve daily. We look forward to your comments for improvement. Thanks",2024-01-08 21:36:42,True
785faf37-05b9-4d5a-b62d-55242b3ccfc1,Suman,https://play-lh.googleusercontent.com/a/ACg8ocLu1RHCLR_A8uY8EedFllxgjm4wI5hT5cuHKnbCzPBvMIyl_g=mo,wow so beautiful app,2,0,3.4.8,2024-01-03 13:16:27,"We are so glad you like it udolly. We would like to know why we couldn't reach 5 stars, any suggestions? Thanks",2024-01-08 21:48:29,False
7507af76-830a-45f3-9559-c53b00ceeb34,T.O.,https://play-lh.googleusercontent.com/a/ACg8ocJgeo2fUM90F638KEJJr-cXRzUDXUziPpUIeo0ST4BG1VHAbI4=mo,i think this app is fake . you cant receive any messages unless you Join and there is no way to join. It could be Great but unfortunatly its not. Dont waste your tiene. I don't think this app is being run by anyone. There is no way to pay and no messages at all. What a shame taking advantage of disabled people like this.,1,2,3.4.8,2023-12-26 09:38:35,"Hi, thanks for your comment. Udolly is completely free and unlike most dating apps we allow you to talk to whoever you want for free. We are not a fake app. As you may have noticed, we have premium plans for users who want to enjoy all the features of udolly. Thank you very much",2024-01-08 21:52:34,False
f0dc9e00-07d3-4891-b6bc-a2118078838d,Jazmine W,https://play-lh.googleusercontent.com/a-/ALV-UjV0Bqf6wgzbEKxOAe4Kg4YMKSYw_HFt6LwRByQaNI_VzKHoyPD5-w,Something is really wrong with this app.its been 6 months..they still haven't fixed it.how will i know if it wont let me become a premium member to see??I'm on a 5.5 inch android the upgrade screen doesnt move to the payment screen??? It just stays on the choices screen and i mention this a while back and its still not letting me do premium to see if this is the real thing ....please help,1,3,,2023-12-11 23:26:21,"Hi Jazmine! You can try to restart your device and also clear the cache for the app. If that doesn‚Äôt help, please contact us at support@udolly.com. Thanks",2024-01-08 21:42:46,False
d4cd66c5-1bc5-470c-a461-ad8c83fb6541,Thomas,https://play-lh.googleusercontent.com/a-/ALV-UjUQHpvrl2daRS3YPacitdjOb9MLVI-UvKiqEWqzMLC9zHUj4RE,HOW ON EARTH DO YOU UPGRADE TO PREMIUM??!! Where is the continue button??!! Also it's the same matches again and again as well even though I've rated them already like five times... Constantly tiktok ads are shoved in your face also and you can't even contact the company for help. Absolute piss take. It's frustrating because I'm a good looking man and I know it and I've got a real opportunity here to find someone and you're just overcomplicating everything. I am Autistic! I am slow FIX IT!,1,14,3.4.8,2023-12-10 21:34:38,"Woww Thomas, we understand that your experience has not been good in udolly. You can contact the support team support@udolly.com and we will be happy to help you to see what happened. We have no doubt that you are handsome and we are sure you will find your soul mate on udolly! Good luck!",2024-01-08 21:41:36,False
56d0f9b2-8ae5-467a-9610-c2c20daa9f81,Warwick Young,https://play-lh.googleusercontent.com/a/ACg8ocLlCDFrbW8v-FFoH5MK8wycPMWdqe9BW7pFG3gvNzdS8EGzMg=mo,hi new hare I don't know what to do jus tryn something new lot scammers on athr chat sites ya,5,0,3.4.8,2023-10-21 03:31:28,,,True
09b98224-59c4-4622-9eff-b31ad5733c7d,Eileen,https://play-lh.googleusercontent.com/a-/ALV-UjVCtibyxFF4VlYKgPyLZEW-zz--1ZGAnmCDrC3OfVwHaUuBTp76LA,"A lot of Scuzzy, Messy, Scammer People. Looks like there's no clear way to unsubscribe either. UNSUBSCRIBE ME AND STOP BILLING ME!",1,2,3.4.8,2023-10-19 00:35:54,,,True
ff8474c1-dd56-4002-8a5f-a5f3d3d39c5f,Warwick Young,https://play-lh.googleusercontent.com/a/ACg8ocKid23POYeUU-DEpgfs3-T4ze9C2CkrsBGe8BnaG2qgYQ_4ukM=mo,hi new to hera if it free,5,0,3.4.8,2023-10-18 00:50:41,,,False
52226cde-d0ab-4e81-aee5-49a99b04a0a9,Julie Thompson,https://play-lh.googleusercontent.com/a-/ALV-UjWIFugdTZTbcJn-x2ABLuVQbepJwYUc7VzPP-lXoISjCbaN2hY1ww,I'm brand new to Udolly. so far so good. I will update you later.,5,0,3.4.8,2023-10-16 01:21:20,,,False
3ab39047-632a-4fe8-86dc-255ca4285f34,Bah,https://play-lh.googleusercontent.com/a/ACg8ocI1lYS0i_Z1t7atPKS1klzHlGtG82f1oRPeK7-j3exRLqcs1w=mo,very amazing dating website,5,0,3.4.8,2023-10-15 20:19:19,,,False
a58cce0d-dd6e-43df-b3e2-fe3ac9b2f466,UnstableOne,https://play-lh.googleusercontent.com/a-/ALV-UjVgKI8mA1AzfU5zF6zZ0m4NIXIsC2sV1fazvb7IaJO5n9Sod4Mc,"The app is extremely slow, horrible quality, and you have to tap stuff 100 times for it to work. Horrible.",1,4,3.4.8,2023-10-04 04:11:40,,,False
5377792d-5f8b-4483-b8ec-f95349f60846,Ricky Ricciardo,https://play-lh.googleusercontent.com/a/ACg8ocLixfeqvbSxp4LH1aadGkBpwPfJfq1Mwk78d18tML048KAA=mo,"Awful, just awful. Almost everyone is fake and you can't go more than a few profiles before being forced to watch an ad. üëé",1,1,,2023-10-02 03:02:32,,,False
a92a2005-67ba-4e33-b40b-277a9792ced7,Dave Unknown,https://play-lh.googleusercontent.com/a/ACg8ocKFrfLg5-PQQxf8uHOqEavCCVqIRFbYr9ypwHcW8k9D-fxQPQ=mo,DONT DOWNLOAD. Has constant ads and all profiles are mostly fake sadly,1,2,3.4.8,2023-10-01 23:30:53,,,False
0bc23372-b5ba-4d8d-8803-cd62f9c8f1b0,Diana Musunka,https://play-lh.googleusercontent.com/a/ACg8ocL-ZslJvUYnB17bn2P5OO2lNU7GDC0XfWvmxQQFHGLJtgxtXQ=mo,for now I don't know cause I'm just joining in so I don't know how the app is I'm hoping for the best,1,0,3.4.8,2023-09-19 18:03:54,,,False
a63fefba-1127-44c0-92b5-300381fa44b5,Nathan M,https://play-lh.googleusercontent.com/a-/ALV-UjXjWGOixMMIcPLOSm5AqYcMqzOhbXV5vMUh3m9O4E7szl8MSwe3,Can't join. The registration UI is bugged.,2,0,3.4.8,2023-09-19 15:56:11,,,False
48b7958f-2f73-48ab-a455-6116c5140011,Angelina Tolly,https://play-lh.googleusercontent.com/a-/ALV-UjVXR35OzYUgrGM9IjXnRxbWvZmL7iwbnGrWOShETBkXTrb-DVAI,best app ever,5,0,3.4.8,2023-09-14 12:49:26,,,False
e20e9cd6-55d8-4368-b8f5-8fda0a803871,Lauren Eastwood,https://play-lh.googleusercontent.com/a/ACg8ocJlMqlpflHh4BKYa6ig75VE2oKfpRcuigdVYziIRRiqXO2lDw=mo,very good,5,0,3.4.8,2023-09-11 14:37:50,,,False
3b8b10f2-f1c0-48d6-b373-762ef244de86,Frank K,https://play-lh.googleusercontent.com/a/ACg8ocK1ATFfn3_dje5d_9QAMKtMKLJvFKtFqGDpeiAc8IAcpB2enQ=mo,"This dating app is full of fake, non-active, and scammer profiles. It's also full of bugs, and the server running it is super slow at times, so sections of the app freeze and time-out. Moreover, support is non-existent! I tried to get my profile verified several times without success. I tried contacting support through the app, but they didn't even bother responding to a paying member üò° All the 5-star reviews are fake and are from East Indian / Chinese accounts.",1,44,3.4.8,2023-09-11 09:51:03,,,True
ef07f7c4-ee22-40e3-a72c-d50de5b04d8e,Deepak Kumar,https://play-lh.googleusercontent.com/a-/ALV-UjXVXZ03_7gsgIGweXctHXNelcE9yoSToSLckcjMqQCtohQAAWXq,ÈîòÁ∏†xceptional user experience È¶ÉÂ∞Ç,5,0,3.4.8,2023-09-09 16:40:14,,,False
ef085929-cf37-4cdf-83b8-99738891cc60,Sanjiv Sah,https://play-lh.googleusercontent.com/a/ACg8ocIFxqyOpUu5TP8ogfLLGCG-aVlBuCK27kDjQOvhPKJFR9uK=mo,This is a good application,5,0,,2023-09-08 17:00:23,,,False
310097d8-d38d-49d4-998c-9de82712c57d,aftab ansari,https://play-lh.googleusercontent.com/a-/ALV-UjVbQW0B1g2qxVFb2oROew3K5xukHGcE7QNtoP9QOL1ubK5M4AE,infinite avenues to find love ÈâÇ„ÇèÁ¨çÈâÇ„ÇèÁ¨ç,5,0,,2023-09-08 16:01:39,,,False
3739af4c-199d-427b-afa8-35883957193e,vikki Chaudhary,https://play-lh.googleusercontent.com/a/ACg8ocIrpHJAIcCvrWE9pI3TbQO4Xwypahptpv13c5k5GIMJi7pPrw=mo,embracing romace with a right swipe È¶É„Ç≥,5,0,,2023-09-08 15:59:08,,,False
3bb8046c-2a53-4ab0-96f0-5e2aa82b14a7,Suraj Kumar,https://play-lh.googleusercontent.com/a-/ALV-UjVHaM1mlQLfaWU4-IOV4JQL97tImXtqIFsQ3HrbTDnOwr0aTJYI,This is very good application,5,0,3.4.8,2023-09-08 13:14:51,,,False
44bfd1d7-4b5c-48ac-a30e-c237c7c16b27,Vivek kumar Sahani,https://play-lh.googleusercontent.com/a/ACg8ocIgSvLUueDw7Zrvdf36-eQrWy8G8ZdmtCww3D43e0-gtQrrJw=mo,love's aura permeates the appüòÄüòÄüòÄ,5,0,,2023-09-08 12:31:39,,,False
31cb936c-7a4a-4132-a432-a719b5b96aff,M M,https://play-lh.googleusercontent.com/a/ACg8ocKLLELgmazYVyfLfrlMUwvy8qUBL8WuyT1BO-eu7ck770VFbg=mo,Too many fake profiles!,1,1,3.4.6,2023-09-06 23:09:32,,,True
2daf46ec-0ff4-4e4d-9738-3ce1da55cafc,AlbertA,https://play-lh.googleusercontent.com/a-/ALV-UjUdnQxmAl7X2wZYWPwOKKnfkPApb7L6EdnbfoXpoEbQgbQunTaf,"Problems with answering questions to finish profile doesn't load, also problems with option to contact you guys so that's why I have to write here Overall app seems having problems with loading other stuff",2,1,3.4.6,2023-09-03 23:33:46,"We're sorry to hear that you're having this problem! We'd love to help, so please contact our support team at support@udolly.com and they'll help you !",2023-09-04 06:48:59,False
057d850f-4aaa-4d96-a1fb-b054043aec98,Andrew Smith,https://play-lh.googleusercontent.com/a/ACg8ocKvpt9AMM4d-qce8cba1Kj63KDKCYiq5hDd6t4O9PzbFzmRrA=mo,Can I upload a picture from my gallery,1,1,3.4.6,2023-09-01 00:32:52,"Hello, you can send email to support@udolly.com. We will try to help you.",2023-09-02 07:20:44,False
c072c790-b7c0-4a18-af20-198d60a6edcc,Tifttor Smchegodan,https://play-lh.googleusercontent.com/a/ACg8ocL6dAJT0P8O88PdDRLcaPZO_TBWmZE139eQCOXntfCEwmREeg=mo,"App breaks once you upload a photo. No option to continue. Yall didn't test this out, huh? If I got barred from it others probably did too so user-base must be low for an already niche demographic. Shame on the devs.",1,2,3.4.6,2023-08-31 17:54:07,That doesn't sound right! Can you give us more information at support@udolly.com so that we can investigate.,2023-09-02 07:21:14,False
19878438-57df-4167-a255-a13b8b67dfc0,SUZY Swain,https://play-lh.googleusercontent.com/a-/ALV-UjU9qpYlZWb-pPVxos5pEluEHWXv12G7YVj3ePMQwm2kB_S_oxJj,Blocked my account for absolutely no reason,1,0,3.4.5,2023-08-28 16:37:13,,,False
daf7b4ff-5617-41f7-98fb-b8ba09f89938,Manish Sharma,https://play-lh.googleusercontent.com/a-/ALV-UjXpKj89f6TRrZGCciuM2fGYkZyl__Uh9jn7UjbaGJIrI0CAyM4e,This app is amazing fun and easy to use,5,1,,2023-08-18 17:17:14,,,False
aa2bd4f5-41c3-43fd-842f-497bc73fb589,riya Sancheti 1260,https://play-lh.googleusercontent.com/a/ACg8ocJEyp4FvjnaeOHxKtUypk3Z2ShEEwioBy5qdUxjpxEOYpRaaA=mo,No more awkward first dates Connecting hearts across the globeüëè,5,0,,2023-08-18 17:05:49,,,False
6ec8877c-12eb-42ef-a40c-69d636b49f62,Dhananjay Sharma,https://play-lh.googleusercontent.com/a-/ALV-UjXF7WqkG8J2paQ7v49kkkiD_pSX39jZKw-revpVuRSaKIY6BzYD,Swipe righ for romance ü•≥ü•≥ü•≥ü•≥,5,0,3.4.3,2023-08-18 16:41:56,,,False
c975f4d6-8e62-42bb-b003-b28a896e10ef,Steven Stanton,https://play-lh.googleusercontent.com/a/ACg8ocJNCCJxPeCqTuYeAN4KguGc5rlfTY-86iELPwKxxBzIPXAE=mo,It's a pretty good little site but the latest update needs patching with the speed dating it doesn't seem to register people on a regular basis and if you click women only it does seem show any,4,2,3.4.2,2023-08-10 17:23:56,,,False
484c2329-3818-46b4-a251-fff53135dcf5,Nsubuga Gilbert,https://play-lh.googleusercontent.com/a/ACg8ocIoUsvTJNfEfp94J75sJdKlrQilD50ahvf4sbSfPm8iQHA9BQ=mo,good,5,0,3.4.2,2023-08-09 08:25:12,,,False
55dcf88c-d6cd-4766-a42b-5bd2a581a7ab,Nick Jackson,https://play-lh.googleusercontent.com/a/ACg8ocKhMRybzv4RZLKypLcoeCDQGvRywP-xOY0_068dGJR3HeBC-Q=mo,Hi Nick Jackson 21,5,0,3.3.9,2023-07-29 04:08:43,,,False
98eb78a4-f634-45d8-89fa-fe1d761c6e8c,Eoin O'Hara,https://play-lh.googleusercontent.com/a/ACg8ocJ477JnMKJxpiT8HriAqNCFxGv9FbM9O87B0omz3xc4xOtILw=mo,Very good app overall but there is an annoying bug through all the recent updates where the no Internet message is taped on the bottom of the screen and there's no way to get rid of it and cycle through the tabs. This happens even when the WiFi connection is working. Hopefully this issue will be fixed soon,4,6,3.3.9,2023-07-24 16:19:39,,,False
a250736e-0c1e-419f-b5cd-2766bc196801,Arjun Singh,https://play-lh.googleusercontent.com/a-/ALV-UjUjUTOK87A69gv8sp7L5J-46E8ZgoIC6S4H_FJyGsgOnGnQKok,Wowww the future of dating is hereüòçüòç,5,0,3.3.9,2023-07-21 15:46:02,,,False
5b41b983-145a-43de-bf18-cadf5c48d628,Wasim Khan08,https://play-lh.googleusercontent.com/a-/ALV-UjUCmFTZntr5hjvL6NFD09g4krccBjU3Xs7iV17eX1UDY6GTH9vV9g,fun and easy to use....,5,0,3.3.7,2023-07-19 15:59:54,,,False
d9a0fa84-a65e-41f8-90b2-5c16fb973114,Rahul Pandey,https://play-lh.googleusercontent.com/a-/ALV-UjXIbBasGC8Xd0uxQwH0hPRb6FE6ltW5mzgaa_w9KMYwiHT8Oy8,It like a virtual dating adventure,5,0,3.3.7,2023-07-19 09:57:38,,,False
4c380647-eb1f-4a1c-88b7-de69d53a97c3,Prasant kumar Rawla,https://play-lh.googleusercontent.com/a/ACg8ocIFbZVFsrvXr3hd7_2e60GFiX3OHQEBVbqNHQHwlb8Tcrt7SQ=mo,This app is amazing ü¶æ,5,0,3.3.7,2023-07-19 09:22:02,,,False
08a12599-719d-4edf-bfe5-ae6fd5c77860,Jayanti Rawla,https://play-lh.googleusercontent.com/a/ACg8ocJSQbQJlEnqvU0WLHp8-cNlPTsj8nJ98qFZLJqf7Gk3iH5tUg=mo,I meet one special here ‚ù§Ô∏è,5,0,3.3.7,2023-07-19 09:10:57,,,False
3b042027-c10b-4c59-887f-a1387bb39303,Rachel Ayn Davis,https://play-lh.googleusercontent.com/a-/ALV-UjXtvJhxwRRy0v4zdYbRNJaiyE_kSRUGp_DcyqDKsPsiYTYhHwjokA,The amount of ads is ridiculous. The UI is mediocre at best. Seems like a quick buck to make at the cost of disabled people. Piss off.,1,12,3.3.5,2023-07-16 11:05:12,,,False
36179942-4835-4978-a7d3-58e48e5c7ce5,J M,https://play-lh.googleusercontent.com/a-/ALV-UjU8oKZlGycQA0R2GMBBGiA7arNJNM8kGtHOnB04pITbF3llkDrl,Garbage app. Unless you pay you have to watch a video ad after every 5 swipes. Enfiriating don't waste your time. Edit: Please post your data showing you use 40% less ads tha 95% of the daring apps.,1,21,3.3.0,2023-06-26 10:55:03,"Hi JM, we are sorry to hear that your experience was not a good one.
We use 40% less advertising than 95% of dating apps published in the playstore. If you had any problems please send us an email with what happened to support@udolly.com. We will be happy to help you. Best regards.",2023-05-15 15:51:29,False
9ff10de7-6e3f-4c8d-8c39-057d639940e4,Manuel Ken,https://play-lh.googleusercontent.com/a-/ALV-UjUwikA0UoMn3OaaG32AgOfPngT8ehewRbG_aRN_8zJa3tqC0hjX,the best,5,0,3.3.1,2023-06-21 04:45:06,"Hi Manuel, thank you very much for your support! We understand that your experience at udolly has been a good one. Thank you :)",2023-07-06 19:25:23,False
cea1f9fd-ee4f-497b-9407-b6d1f9fb8c12,Todd Sellers (ADHDrocks),https://play-lh.googleusercontent.com/a-/ALV-UjVcTXeOzv_xLXqmAGI7EiZtwxJ3oF7Di5Iw7aofRzaKORLqdi5mTQ,won't let me finish setting up. DELETED.,1,1,3.3.0,2023-05-27 03:28:02,"Hi, sorry if your experience was not good. We will investigate what happened and if there is a fault on our part, we will try to fix it as soon as possible. Thank you and sorry for the inconvenience.",2023-05-31 11:29:41,False
708279e7-2265-421c-a0ea-685d78369d69,‡®∏‡©Å‡®ñ‡®µ‡®ø‡©∞‡®¶‡®∞ ‡®≤‡®æ‡®°‡©Ä,https://play-lh.googleusercontent.com/a-/ALV-UjW32DebO7YFUjg66f81SWkjL2D7und0dVr3YHxGx5yjvO37Pxwb,fladder flotter x,3,0,3.3.0,2023-05-23 08:35:53,"Hi, we would like to improve and understand why we have not been able to get the 5 stars, could you please help us to improve? We will be glad to read you. Send us an email to support@udolly.com. Thank you",2023-05-31 11:28:13,False
54452d64-fd2e-4a7c-8a1f-fd5b7f48c80c,Eldrian Blue,https://play-lh.googleusercontent.com/a-/ALV-UjWLRS8WuH8YJpte48SAWIdRMpUkqFEwo6IBYoLs_j-EKjNS2cWBJA,Uninstalled right away. I tried the app but couldn't get past the loading screen. please fix this,2,1,,2023-05-22 07:46:35,"Hi, sorry if your experience was not good. We will investigate what happened and if there is a fault on our part, we will try to fix it as soon as possible. Thank you and sorry for the inconvenience.",2023-05-31 11:26:58,False
1853d7a5-1672-4fe7-9b57-e0fe86886c4c,William Jones,https://play-lh.googleusercontent.com/a-/ALV-UjWzu0JFdsa2WIw2KI6R1ZxLk4-QbZ1vkAWatNKcUwmUj6WtF9Y3,And I Am Now Using This Dating App For Disabled People And Thank You For Everything You ü•´ Do For Me And You. And Thank You For Your Help With Me And You For Everything You Can Do For Me And You Will Have To Pay Me For Whatever Reason Or Reasons For Everything What You ü•´ Do For Me And You Will Have To Pay Me üîô. And Thank You So Very Much ü•∞üíñüíñü•∞!!!!! Bye Bye For Now,5,0,3.3.0,2023-04-29 06:43:51,"Hi William,

Thank you very much for the positive review! We don't quite understand your comment but we are always pleased with positive feedback! Thank you",2023-05-15 15:52:50,False
0e7b31d3-1b47-498d-9dde-2e58f6bba06d,T Tp,https://play-lh.googleusercontent.com/a/ACg8ocLcoqP01ilbxrpUxhZ25us5ZtMrzxfSpTSoekQnUUX08Guifw=mo,"This is a scam site, you are taking advantage of people with disabilities. You took my money and no matter what no one messages back. Oh look 120 matches and yet no one responds. And the fake accounts are unreal!! I want my money back and I am telling you it's not worth your time or your money. Fake bots or something, also even when you say no to someone they come back as a match. And you can't contact any support it's all a scam!!!! Don't use this app. Also fake reviews. ü§¨ü§¨ Not worth stars",1,32,3.3.0,2023-04-26 19:07:03,"Hello, we understand that your experience has not been positive and we are sorry. We have not received any email from you to be able to help you. Please send us email explaining what happened to support@udolly.com thank you. We will be happy to help you. We want to clarify that we do not use bots and we are very careful with the security in udolly.",2023-05-15 15:58:44,True
dc0a83b7-0c10-4d3b-8f8b-68866aa171a4,Lords Mobile,https://play-lh.googleusercontent.com/a/ACg8ocJL1plS7YeWAa2-U4IYbSBJt2PudovR-ml2nO41k14QjVTiSg=mo,One match in 30km then next one in 100km how is that going to work if your disabled.,2,3,3.3.0,2023-04-20 07:56:53,"Hello Lords,

We understand that your experience has not been positive due to the distance of the users. We strive daily to improve udolly, what would you like us to improve? Send us an email at support@udolly.com. We will be happy to hear from you.",2023-05-15 16:02:29,False
582fc8bf-c1d6-4a80-84a6-a0f536acc807,Patrick Connolly (Paddy),https://play-lh.googleusercontent.com/a/ACg8ocKKRxaoHuntPgwCRDkp_1vV4OaveSdbZzHArtU0B7t7iVq9_swD=mo,"Couldn't even upload a picture. This is a colossal mess if you want to call it an app. In my book it NEVER would've scored a 4.8 out of 5 from me, more like I shouldn't have downloaded in the first place.",1,3,,2023-04-16 04:01:34,"Hi Paddy,

We understand that you have had a problem with uploading a picture to your profile.
You could send us an email with what happened to support@udolly.com. We will be happy to help you with what happened. We appreciate your time. Best regards",2023-05-15 16:05:01,False
b97c9b93-6179-454e-be78-31bcbbe4ef4f,Louis Roulhac,https://play-lh.googleusercontent.com/a-/ALV-UjXhPD24ilr5D3Z3FdHjuHorTmvvIyufB5Cnm9G0kmHHWIoajt52,I don't have any experence because I paid for a subcription and made my profile 100% and verified my email and I haven't been able to do anythingüò° rip off. But I will get my money back and report Udolly to the arthoroties for scam.,1,18,3.3.0,2023-04-15 05:36:54,"Hello Louis,

Wow ! We understand that your experience has not been positive. We would be happy to help you understand what happened. You could send us an email to support@udolly.com, the udolly team will be happy to help you. Thank you for your time. We hope to solve the problem quickly. Regards",2023-05-15 16:07:05,True
779463b4-0e69-4252-bba8-41c4ce39b3f1,Athena Sammy,https://play-lh.googleusercontent.com/a-/ALV-UjUZAcnbEmaQr6Xu_FRtK_d_ywhpePO9w-S34ess_RgXWV5nBhxE,Useless app. Wouldn't even let me upload a picture. I tried numerous times with several pictures and it wouldn't do upload them or anything.,1,2,,2023-04-14 10:42:16,"Hello Athena,

First of all we would like to apologize for your bad experience. Have you tried the latest update? Could you please explain us what happened to support@udolly.com We will be glad to help you. Thank you for your time.",2023-05-15 16:08:30,False
bc0bc6cf-7953-42b9-8e95-4651760f8731,Jemma Woodcock,https://play-lh.googleusercontent.com/a/ACg8ocKoWJDxO5TCJfx1pkza84VwWLHRmEaeFzRnkjZRhU16okaCbF4=mo,I really really like this site it's very good,5,1,3.2.9,2023-03-26 17:40:02,"Hello Jemma,

Thank you very much for your review and your time!!! We understand that you liked the udolly dating app! Best regards",2023-05-15 16:12:57,False
c06a84b8-a453-4951-aa31-fbba3c090031,Andrew Musegades,https://play-lh.googleusercontent.com/a-/ALV-UjXCTjar1UwrUnVtmfLr-30UnVh0XnEsTTTtwXORENNqb2nnyBw,loving Caring kind patient handsome honest faithful calming gentle feisty frisky funny active love animals mostly cats and dogs and horses will be a great companion cuddler hugger kisser dancer loves to have fun loves video games watching movies TV YouTube the outdoors and will be very romantic will be there when needed a protective person,5,1,3.2.9,2023-03-14 12:50:51,"Wow, we love to read comments like this! Thank you so much for your time and for your review! Best regards Andrew",2023-05-15 16:15:44,False
d48507e3-5a64-46a1-a095-a52bff9b56a5,Pitner Garmoe,https://play-lh.googleusercontent.com/a/ACg8ocJSHht3NWrGLjYeiCcUds_V-m1tXa-U6vY1WlURn8NS_l2tfA=mo,"As a person with a disability, it can be tough to find people who understand and accept me. Udolly has been a game-changer for me and I highly recommend it.",5,0,,2023-03-03 06:46:31,"Wow, we love to read comments like this! Thank you so much for your time and for your review! Best regards Pitner",2023-05-15 16:16:34,False
fca506d3-aa97-4beb-b067-53da8e388110,Justin Resendez,https://play-lh.googleusercontent.com/a/ACg8ocJtRmAv88JaA8UGt6sHL-bfl6l4adjBkgY2hbL85afabPYjiQ=mo,disabled people don't have the money to waste on random searches,1,6,3.2.8,2023-03-03 05:43:59,"Hi Justin,

We apologize that your experience was not a good one.

Udolly is free and you can talk to anyone you want for free unlike most popular dating apps.

We do have a premium plan for users who want to take it to the next level and enhance their experience.

Best regards",2023-05-15 16:19:29,True
dea5abc7-e854-400e-a6cf-bd6bf2dd24b9,r,https://play-lh.googleusercontent.com/a/ACg8ocLc1acZzsmH_yERwMQ4q7Db9HePH8DIwqzJDUeASa9JbH-uzQ=mo,"It's fake, just collecting subscription. And it's hard to delete your account.",1,2,,2023-03-03 03:22:59,"Hello,

Sorry if your experience was not good. To delete your account just go to Settings - Account - Delete account.

On the other hand, if you have had a problem please let us know at support@udolly.com, we will be happy to help you.

Regards",2023-05-15 16:21:04,False
8cfa638a-1b03-4edd-9894-6c08d4a6d824,Jirju Singh,https://play-lh.googleusercontent.com/a-/ALV-UjXU__9Nw44vk--esP0uBdNlnINnloAFHV3mVpQEmD_r1RLyXXE,Udolly is a great dating app for disabled people! The interface is easy to navigate and the community is supportive and welcoming.,5,1,,2023-03-02 18:47:11,"Wow, we love to read comments like this! Thank you so much for your time and for your review! Best regards Jirju",2023-05-15 16:16:52,False
5bd08ebc-785e-470a-b434-5ffe77bc434a,Bullock Augustin,https://play-lh.googleusercontent.com/a/ACg8ocI68FZ-1B67NSIr7hVZvNO0ADL5hyGhuntG7lUlxQzFlDa4fg=mo,I've been using Udolly for a few weeks now and have already made some amazing connections. It's refreshing to be part of a dating app that is designed for people like me.,5,2,,2023-03-02 06:47:08,Thank you very much for your positive comment Bullock! We are delighted that your experience was a good one. Best regards,2023-05-15 16:21:54,False
b42bef42-01d6-424c-885f-d0e4cb522970,Zigi Zigi,https://play-lh.googleusercontent.com/a/ACg8ocI2Zt-JrS38pAGkyaihBfKnzhSGcq_uwU_G3U1gxfcCFpQ5qr8=mo,I'm new I've been struggling looking for relationships I'm age of 46s I love pets movies walking park beach fish üèïI love go to movies,2,0,3.2.5,2023-02-15 19:11:26,"Hi Ziggy,

Thanks for downloading udolly, what should we improve in order to get the 5 stars? Send us an email to support@udolly.com explaining what you would improve.

Thanks and best regards",2023-05-15 16:23:10,False
59a67a3b-fd83-49c9-b05d-3d865c05fb68,Kathy Spilling,https://play-lh.googleusercontent.com/a/ACg8ocID1Yyn26NJLqDtn7s0VR2P4dt1yyeW8t33F3jFnP1yCs9NTg=mo,I messaged a bunch of people on this app but I have no response I'm not sure how it works,2,3,3.2.5,2023-02-15 01:36:44,"Hi Kathy,

Thanks for downloading udolly, what should we improve in order to get the 5 stars? Send us an email to support@udolly.com explaining what you would improve.

Thanks and best regards",2023-05-15 16:23:35,False
bd3acf1c-31b8-4e32-b08b-945e73e2d174,Nicholas Terpstra,https://play-lh.googleusercontent.com/a/ACg8ocKA_t81Se0rkG2S3IBO5AHdt-d36uTv4sjtArdV94I0M1wKgkI=mo,good app,5,0,3.2.5,2023-02-02 03:56:25,"Hi Nicholas, Thank you for your positive comment! We are delighted that you like udolly.",2023-05-15 16:25:26,False
7a8f418f-0416-442f-980b-a7ccf9060f51,Falkor Fable,https://play-lh.googleusercontent.com/a-/ALV-UjXZzxkKxC7F8d9gUtYzVcEw33vUa6Xftco5qUg5VA1fpKUk1HsHPg,"I live in a major city and theres no one nearby. The app is meh, not the worst but it definitely needs a redesign. Maybe if they made the app more user friendly, more people would join, but I don't see that happening.",1,15,3.2.5,2023-01-26 16:04:24,"Hello Falkor,

Sorry if your experience has not been positive, do you have any ideas for improvement to make the next updates to your liking? Send us an email to support@udolly.com, we will be happy to hear from you. Best regards",2023-05-15 16:26:48,False
1da4085c-faa2-4206-acce-dd206a716381,Sanjeev Godara (TechyFighter),https://play-lh.googleusercontent.com/a-/ALV-UjUlipHPRxf-5KR8-V8hhLNV7FhB0Fm5kybHPtazxDIwdFYlC1MVcA,Fake,1,2,,2022-12-05 00:33:53,"Hi Sanjeev,

We understand that your experience has not been positive. But we don't understand your comment, could you please help us to improve? We would love to make your experience perfect.

Thank you for your time. Best regards",2023-05-15 16:35:35,False
a86f09a8-3351-4f13-a842-b5dd0799f2e5,othluver7,https://play-lh.googleusercontent.com/a-/ALV-UjXNBxzQqeBCZlSz7d0DZt_viW1ZMRXLaSns3OMCt2Uo1sdBORo,good,5,0,3.2.5,2022-12-02 02:26:14,We are truly happy that you enjoyed our udolly. Thank you so much for your evaluation. Regards,2023-05-15 16:36:01,False
7b85499e-bd4c-4a2c-ac3e-a08e4507d1ad,Benjamin Mars,https://play-lh.googleusercontent.com/a-/ALV-UjXnUtSeF5GvCmMofYfkSc1pb323W8jIcLDwNxmaAEMXvUqHi9I,it's similar to Hiki and Tinder.,5,0,3.2.5,2022-12-01 12:55:10,,,False
a8019895-043e-47ea-9911-d7c6acc5acc3,Mark B,https://play-lh.googleusercontent.com/a-/ALV-UjWq4uK0wVMrGQ45ZI46sGQ5PFbCcFvVF-9i4KT4bMVzhaF8hcd8,Garbage app. No one within 5000km of me and no one within 20 years of my age.,1,1,3.2.5,2022-11-26 13:33:54,"Wow Janein,

We understand that your experience has not been positive. We would love to help you. Please email us at support@udolly.com , so we can look into what happened with your account. Hopefully you'll be back soon! Regards",2023-05-15 16:40:00,False
23a03464-6a8b-461c-8866-c2e8887aa817,Kyle Briggs,https://play-lh.googleusercontent.com/a-/ALV-UjWveQ7PutjW1FnHfjp9TLcsetMvpewBdCPqHCY3tA6ySBKumE0I,Good,5,0,3.2.5,2022-11-11 23:53:52,"Thanks for the 5 star rating. Hope you continue to enjoy reading news on our app. If you have any feedback or suggestions, please write to us at support@udolly.com. We would love to hear from you!",2023-05-15 16:43:36,False
1fc25ff3-3300-4885-9a92-90b405f47f06,Heather Osterman,https://play-lh.googleusercontent.com/a-/ALV-UjXP_G8NLZc8leGrzKzcofsjuLiFc77T4pDHYDFXwc8LspzOOf2L,"Hi üòÅ I'm a Bipolar woman looking for love and companionship. I'd like a LTR w/ the right guy. I'm looking for a friendly, down-to-earth, laid-back, funny guy w/ mental challenges.",5,1,3.2.5,2022-11-04 21:07:19,Thank you for your suggestions. We will recommend them to the related department.,2023-05-15 16:49:54,False
d8812652-9377-418e-9afd-f89ba0f6f826,Narayan Jena,https://play-lh.googleusercontent.com/a/ACg8ocJId-YmJDnuCcJh7RQ_81cEMiyIS98euuTFAN63LZXHMY0KeUw=mo,Nice app for disabled persons.,4,0,3.2.5,2022-10-24 07:59:20,"Hello Mimose,

Thank you for your positive feedback, what should we improve to get 5 stars? We will be happy to hear from you. Regards!",2023-05-15 16:53:46,False
683b2230-08d2-4982-9dfe-af3a5267f561,Matt,https://play-lh.googleusercontent.com/a-/ALV-UjUUeSRcqxpiSM-PSePW12trtgdAd2aR3dd6rqE8nRpVgknLb4HmPQ,The app itself is fine the issue I now face is the sub unfortunately am not able to sub for the month for the 7.99 as it does not give me the option to continue and the device was restarted so any suggestions on what should be done as far as the sub goes,3,6,3.2.5,2022-10-17 02:47:25,"Hi Matt,

We understand that your experience has not been entirely good. Let's analyze your particular case. Please could you send us more information to support@udolly.com ? Thanks and sorry for the inconvenience",2023-05-15 16:54:55,False
e5c6d63b-f952-46a1-a150-17651624bcbd,Will Uy (Will Uy),https://play-lh.googleusercontent.com/a-/ALV-UjWmCYK1Q1nLEPtdh1Cr9Wnfo-YaOu-JEWrIu4t-wV7WVk19JJ3W,"There are so many problems I can't cover them all, so I will focus on two big ones: 1. If someone has their GPS off they will show up to people all in the world listed as less thsn 1 km away. 2. It gave me my first match very quickly, but since then I would get notifications for 10+ new likes everyday, but I wasn't allowed to see any of the profiles without upgrading first. Even after 2 weeks both myself and the girl I matched with both didn't have any new matches that we could see.",1,20,3.2.5,2022-10-15 02:10:01,"Hi Will,

We understand that your experience has not been good. Let's analyze your particular case. Please could you send us more information to support@udolly.com ? Thanks and sorry for the inconvenience",2023-05-15 16:55:39,False
edbfd644-d57a-4ae0-a5de-db1ce78eb31b,Sarah Stallion,https://play-lh.googleusercontent.com/a-/ALV-UjVNcf0tdt8VE_oEo3r2oTvnzy9yR1W1pqrvDvohRFrZVEYet1Rb,good,4,0,3.2.5,2022-10-08 12:58:10,Thanks for taking out time to rate us. It really helps us to keep going and delivering the best :),2022-10-11 12:34:07,False
fa0f75e0-e76e-4282-a365-e13e71bf7303,Oluwa Polly,https://play-lh.googleusercontent.com/a/ACg8ocL6XADLZTLV_9xR3NfmmhyFkp2-IRYU-7aL5vyhj8KC5Oxr8g=mo,Good dating app too slow when loading,5,0,3.2.5,2022-10-07 21:47:50,Thanks for taking out time to rate us. It really helps us to keep going and delivering the best :),2022-10-11 12:34:00,False
de9a335d-55f9-4a25-b86f-276dbedd6723,NaturallyLocked nLovely,https://play-lh.googleusercontent.com/a-/ALV-UjXvF7QqAF8smx3bWITgwnQRY2FUwlCVt4L9yCVgpRgCwl8WwNhQ7Q,I have no plans idea,2,0,3.2.5,2022-09-29 01:22:12,"Hi, could you give us more information about your doubts regarding the plans? We will be happy to help you. Best regards",2022-10-11 12:35:38,False
0d60f5ad-bba8-4fd8-ae9e-a4c87bf60eac,Ibeabuchi Izunna,https://play-lh.googleusercontent.com/a/ACg8ocKa1jcWpwt50Ko_KcsMJ9o87iB46VElLm_jc17dNfHRDZ5Oqw=mo,nice and good,5,0,3.2.5,2022-09-23 14:38:39,Thanks for taking out time to rate us. It really helps us to keep going and delivering the best :),2022-10-11 12:33:50,False
42ad51a4-8e5e-4f03-9ebe-3549f990f245,Mehmet Egemen Albayrak,https://play-lh.googleusercontent.com/a/ACg8ocKeRI7VhfUQ9ODtyCnQQw4_yDX9OZDF312rkl6SnWF7xsTktQ=mo,"Guys, at first I was happy that someone focuses on the loneliness of people with disabilities. But the app is terrible. Every day I get a message someone liked me, but I don't understand who liked me from the UI, it shows the people I liked. I send messages, no replies. What am I doing wrong? You need a better UI asap. And please improve your scammer detection, yesterday I ONLY saw scammers. You need to better this app as a service to humanity.",1,17,3.2.5,2022-09-19 08:43:40,"Hi Mehmet, with every new app version we are introducing new features and improving existing ones. We are sure that your feedback will only help us improve further. Do you have any ideas to improve us? Send us an email to support@udolly.com, thanks for feedback",2022-09-19 20:17:12,True
7f8a9da4-bed1-44dc-bb3e-4521a15d3c5c,Steven S,https://play-lh.googleusercontent.com/a-/ALV-UjVNR_JTQJz2RA_xhqfO3JI3tsouNZ2iBkW6sLVodmVRSBKQzpIT,Couldn't ever get verified no many how many times I tried. It constantly said I had new likes but I could never look at them. It also constantly wanted me to subscribe when there were only 5 profiles to look at with very little information in them. All of them were super far away too. Super disappointing app since finding someone when handicapped is so hard to begin with.,1,23,,2022-09-18 02:52:22,"Hi Stephen, that doesn't sound right! Can you give us more information at support@udolly.com so that we can investigate. Thanks",2022-09-19 20:15:19,False
db7a8fd3-084a-4bbf-a27f-e80e1497945e,Darko,https://play-lh.googleusercontent.com/a/ACg8ocJrGvy_cr4JzAfhIJ6b9F_flI7Y_65mYDfZPTFcY5pGksJTkw=mo,Can't do anything without paying. It's completely useless,1,2,,2022-09-11 10:12:49,Sorry to hear you are unsatisfied with the progress of the updates. I hope you can enjoy our app again in the future. The app is 100% free and we allow you to talk to more than 50 people a day without the need to match. Do you have any other ideas to improve the app? Send us an feedback to support@udolly.com. Thanks,2022-09-19 20:07:50,False
d9723ca0-34eb-429a-b513-19e743441754,Bernad Kusi,https://play-lh.googleusercontent.com/a-/ALV-UjVXxEf5JZ9rmzdBMjTPH5URN4uymcIKV9ZI0kOwCut9BviU2J5M,Awesom,4,0,,2022-09-04 14:03:29,"Hello Bernard, thank you for your review. What can we do to get five stars? :) Thanks",2022-09-19 20:02:18,False
e37a95d6-8df1-4084-87d4-9e6b77d4e115,Marcus Brown,https://play-lh.googleusercontent.com/a-/ALV-UjWc3Un8yIWJYY0vIfqElEiDmcRnnCRi7f5FFG1pueMljtGXqNgJ,This is my first time using the app.,5,0,3.2.5,2022-08-31 06:05:51,"Hi Marcus! We are pleased that you enjoyed the app. If there is anything we can do for you, just let us know at support@udolly.com!
Have a wonderful day!",2022-09-19 20:01:09,False
3e779ed7-a8c6-4a26-bbe0-4f3aaf531ecc,Matthew S,https://play-lh.googleusercontent.com/a-/ALV-UjWwxmGESnwLkWMK66igkTZOiFtLuEcaAd2whoCPDTomj5TJZ_xK,somewhat confused by app,3,0,3.2.5,2022-08-30 06:40:41,Hi Mattew! Can you please share which features you find difficult to use? Please contact us at support@udolly.com. Thanks,2022-09-19 20:00:40,False
097d6069-74d6-4856-b4cd-5c8105cd0f97,Barry Marler,https://play-lh.googleusercontent.com/a-/ALV-UjX3x_mtU2uFB9gAiulYEr3YsERBc6FRM2ZFfhBXvpIoL2dOzQkKlw,You can't upload your photo. UNINSTALL!!!,1,0,3.2.4,2022-08-16 16:22:41,"Hi Barry. Sorry for the inconvenience, thanks for catching the error. We have fixed this bug in the new version which is now available. Have you tried it? If you see any other bugs please don't hesitate to contact us at support@udolly.com, sorry once again.",2022-08-19 10:41:07,False
47e80f3e-6c25-4579-a415-3f789f9bcd02,Ken Murillo,https://play-lh.googleusercontent.com/a/ACg8ocLl_MyD2TU6xqnKGHBxdRkBqk0X6MKX0LnOBiYMCR7hCLYt3A=mo,"I don‚Äôt know if its only on my phone but everytime I tried to install this application, it says that it cannot install. I‚Äôm using android 12 by the way.",1,1,,2022-07-20 12:01:10,"Thank you very much for your comment, and we are sorry that your experience at udolly was not as expected. We love to improve. We have fixed this bug in the latest version already released. Have you tested it? If you detect any other bug, feel free to email us at support@udolly.com, thanks!",2022-08-19 10:52:08,False
079e4f91-2c94-48b4-95f6-6cc58cac9f17,Daniel Brown,https://play-lh.googleusercontent.com/a/ACg8ocIPsUBYX4YhzWtyRXS4nzDm81Pl-w4GaXy4nGwSdRCX-peCOQ=mo,I think it's a good site because it helps people with disabilities thank you for asking.,5,1,3.2.3,2022-07-19 00:03:39,Thank you very much for your comment and for your support. Welcome to the udolly community. üëãüòä,2022-08-19 10:54:42,False
16b834fc-59ce-4988-a8d9-d6bdc5176c5a,John Doe,https://play-lh.googleusercontent.com/a/ACg8ocLeT_187xsE9el7_R1r6xR1W1EeehQwknmSNgyejp8Un-FMzw=mo,"Like two women from my area, pointless to use it",2,0,,2022-07-18 19:49:24,"Thanks for your review, and we are sorry to hear that your experience at udolly was not as expected. We love to improve. Do you know you can expand your area on udolly to meet more people in your area? Have you tried it? Every day new users join the udolly community. Thank you",2022-08-19 10:58:23,False
8ee4609b-e314-4e84-8801-c3af4c97788d,Thunder Bolt,https://play-lh.googleusercontent.com/a/ACg8ocJG0DfyizijhDsRntkuS1APuxhkuPGl2oW-HC5oyIQJqNyJuA=mo,Not what I was looking for. Pricey,1,0,,2022-07-09 03:28:12,"We understand that there are thousands of dating apps on udolly, we focus on social inclusion and accompaniment. This is our differential value. As you will understand and have seen, udolly is free but has pemium plans that will save you time. If in the future you are looking for the above mentioned, we will be happy to see you again. Best regards.",2022-08-19 12:06:08,False
aa95dd4a-b5c0-4f00-83bf-f6b9ecfca4aa,Project Hedgehog „Éó„É≠„Ç∏„Çß„ÇØ„Éà„Éè„É™„Éç„Ç∫„Éü,https://play-lh.googleusercontent.com/a-/ALV-UjXmgrQinfqXQ_g5uIS1m4AQrkhLzBPC5u4ScHqcD6Ak7astNEvy,I hope I've find someone,5,0,3.2.3,2022-07-05 05:29:27,Thank you very much for your comment and for your support. Welcome to the udolly community. üëãüòä,2022-08-19 10:55:04,False
a0149df7-d974-4227-984c-2571d8116dd9,Robin Sharma,https://play-lh.googleusercontent.com/a-/ALV-UjWtDNibw2G_-vqOBZzu5Xq8TlOUwgpGssd7LfkBHfFurkTHBGs,Useless app won't even let you finish your profile,1,1,,2022-07-04 07:05:39,"Thanks for your feedback, and we are sorry that your experience at udolly was not as expected. We love to improve. We have fixed this bug in the latest version already released. Have you tested it? If you detect any other bug, feel free to email us at support@udolly.com, thanks!",2022-08-19 12:07:57,False
3fad763b-2d51-4c79-b5c2-58387e27dffa,Jerry Smith,https://play-lh.googleusercontent.com/a-/ALV-UjWYN1HQKbY-S6ywgoxmauU-iMQL5SdM9aIYV5gsOTo5avXZxnc4,I just love to (m)eat new friends!,5,0,,2022-06-09 17:43:50,Thank you very much for your comment and for your support. Welcome to the udolly community. üëãüòä,2022-08-19 12:08:42,False
db6ccf25-8d22-4306-a496-716fb6c3bc8d,Thomas Armstrong,https://play-lh.googleusercontent.com/a-/ALV-UjUl4t9ocG4TZjmRGnMjJTnZCkGf9TsyYa9D21TVMuTLf-TD0FNo,Horrible I left about 30 messages not one reply!! This site is total b.s. and all accounts are either fake or these people never use this app. The worst dating app ever!,1,6,3.2.3,2022-05-20 18:30:46,"Hello,
Your problem needs more detailed examination. Please report it to our technical support team at support@udolly.com. We are always looking to help our users.",2022-05-26 19:35:02,False
ca5b31ab-3c78-4402-963f-7a26a7a78edc,Randy Shannon,https://play-lh.googleusercontent.com/a-/ALV-UjUSbEj3DBsFFhSLyi72z5FaPqOnZ8p0ODQlc3pUJhMbhdvY914M,Can't open the app after downloading,1,0,3.2.2,2022-05-03 04:08:40,"Hello, we apologize that you are experiencing connection issues with the game. Please try reinstalling the game and restarting your device. If that doesn't work, please contact us at support@udolly.com with your device information and any relevant screenshots so that our support team may assist you. Thank you.",2022-05-26 19:34:57,False
8d5645e8-b63b-4359-9e26-7951a73128a5,Ray B,https://play-lh.googleusercontent.com/a-/ALV-UjWO2tTpRL6p5QvGZ4x6MaPIUQIE8HYob438OVnlz-TZ-owPNP8b,Won't let you up load a photo from your library unless you grant camera access... this app forces you to grant more permission than it really needs... the app crashed 4 times while trying to create an account... had to start over each time... app isn't designed for ease of use...,1,13,3.1.9,2022-04-20 13:35:44,"We have not had this issue reported to us before, and we'd certainly like to work this through for you. Could you share the details at support@udolly.com? And any relevant screenshots would be immensely valuable. Thank you.",2022-05-26 19:35:14,False
61b3e915-174a-42b0-8600-d88c0863abeb,Colby Standing,https://play-lh.googleusercontent.com/a-/ALV-UjW1uf3586lgcc8pFY35CiVdoos5XCeoFr0GC2sm9c08B5dtu2It,I was unable to get my account verified and I'm under the impression that that is why I didn't get any messages and was unable to chat with anyone. I tried repeatedly to get it verified but had no success. I am wondering if a new method of verification could be installed or if a new method of verification is in the works.,1,5,3.1.9,2022-03-23 15:39:34,"Hi Colby, we have received your verification photo but you have not followed the steps for us to verify your identity. The steps are very simple, you have to imitate the gesture in the photo. If you need help send us an email to support@udolly.com. Thanks",2022-03-15 12:30:46,False
6a5561fe-a1c2-47f1-a71c-74c0cf55e809,Trent Amonds,https://play-lh.googleusercontent.com/a/ACg8ocIyxdJvcVkVnMIWc1VaDzOThIVnt3LuW2iPRAHfpcTKBCXPgw=mo,U need fix everthing date bugs,1,1,,2022-03-09 22:18:46,"Hi birthday dates can not be changed, it is something that we announce and warn you more than 3 times when you create your profile. If you need us to change your birthday please send us an email to support@udolly.com and we will be happy to do it. This is not a Bug. Thanks",2022-03-15 12:29:28,False
61c92e3e-374f-45de-8b68-5f24d7bbee45,Junaid Shaikh,https://play-lh.googleusercontent.com/a-/ALV-UjU0xnCnF707ntL9_auN-w7yDBNqkNCdJXvWbptbG6XyC7M_TheS,"I don't know what is wrong with this app I've got plenty of matches and I've made the first move of sending the text, but there's no reply from any of my matches. And here's a tip for all of you guys who are not getting any matches, just do a right swipe first (just one right swipe) than close the app completely and than again open the app. You will find the same profile again (the one which you right swiped before closing the app), than again do the right swipe to the same profile and wa-Lah",1,31,3.1.9,2022-03-07 16:38:27,Wow we don't understand your comment. We are open to constructive criticism as we love to improve the experience for our users. If you don't have enough responses we encourage you to improve and complete your profile 100%. We have been able to verify that your profile is not verified. It is free and helps a lot to improve the interaction.,2022-03-15 12:26:18,False
35db63be-70c8-49bc-9222-26948150887b,stevo Goewey,https://play-lh.googleusercontent.com/a-/ALV-UjVK-hjrxElroEpZZ-A6HlhUtQvytwU1uJOBSAbBo5cjdS46alcM,I pay for the premium and it won't tell me who like me and I haven't got a message yet from anybody,1,3,3.1.9,2022-03-02 20:52:24,"Thanks for choosing premium on udolly :) To see who has Liked you, you can easily access it from the Chat screen. You will be able to talk to whoever you want unlimitedly and you will also be able to swipe completely unlimitedly. If you are technical problem please email us at support@udolly.com and we will look into it as soon as possible. Thanks",2022-03-07 12:14:57,False
6df3724e-742a-40f6-bf83-883d77c3ca3b,Anthony O,https://play-lh.googleusercontent.com/a-/ALV-UjUR58yWzw9CEEpF3SjVTvPWOpxTIUoivWEjIaIv-4cL-F3QLntC,"Bogus app... Mostly users outside of the us. People like supposedly yet never message, doesn't say who likes you without paying... Another scam against the disabled. Deleting promptly.",1,9,3.1.8,2022-02-23 21:52:03,"Hi, we understand that you have not had a good experience with udolly. But we don't agree at all that this is a fake app. We are new but we already have many usersüòÉ. 100% of our users are real because we have a control. If you want us to help you to get more interaction with people send us an email to support@udolly.com",2022-02-24 12:34:50,True
